vote_id,category,question,date,col_idx
2023/s1,nomination,"On the Nomination PN1: Brendan Owens, of Virginia, to be an Assistant Secretary of Defense",2023-01-23T17:26:00,0
2023/s2,passage,S.Res. 13 (118th): A resolution raising awareness and encouraging the prevention of stalking by designating January 2023 as “National Stalking Awareness Month”.,2023-01-26T13:40:00,1
2023/s3,nomination,"On the Nomination PN62: Roger Israel Zakheim, of Maryland, to be a Member of the Board of Directors of the United States Institute of Peace for a term of four years",2023-01-30T17:30:00,2
2023/s4,passage,"S.Res. 21 (118th): A resolution supporting the observation of National Trafficking and Modern Slavery Prevention Month during the period beginning on January 1, 2023, and ending on February 1, 2023, to raise awareness of, and opposition to, human traffic",2023-02-01T15:29:00,3
2023/s5,nomination,"On the Nomination PN61: Joseph Lee Falk, of Florida, to be a Member of the Board of Directors of the United States Institute of Peace for a term of four years",2023-02-02T13:38:00,4
2023/s6,cloture,"Motion to Invoke Cloture: DeAndrea Gist Benjamin to be U.S. Circuit Judge for the Fourth Circuit: DeAndrea Gist Benjamin, of South Carolina, to be United States Circuit Judge for the Fourth Circuit",2023-02-07T17:31:00,5
2023/s7,nomination,"On the Nomination PN88: DeAndrea Gist Benjamin, of South Carolina, to be United States Circuit Judge for the Fourth Circuit",2023-02-09T11:09:00,6
2023/s8,cloture,"Motion to Invoke Cloture: Cindy K. Chung to be U.S. Circuit Judge for the Third Circuit: Cindy K. Chung, of Pennsylvania, to be United States Circuit Judge for the Third Circuit",2023-02-09T13:41:00,7
2023/s9,nomination,"On the Nomination PN92: Cindy K. Chung, of Pennsylvania, to be United States Circuit Judge for the Third Circuit",2023-02-13T17:35:00,8
2023/s10,cloture,"Motion to Invoke Cloture: Gina R. Mendez-Miro to be U.S. District Judge for the District of Puerto Rico: Gina R. Mendez-Miro, of Puerto Rico, to be United States District Judge for the District of Puerto Rico",2023-02-13T18:21:00,9
2023/s11,nomination,"On the Nomination PN79: Gina R. Mendez-Miro, of Puerto Rico, to be United States District Judge for the District of Puerto Rico",2023-02-14T11:37:00,10
2023/s12,cloture,"Motion to Invoke Cloture: Lindsay C. Jenkins to be U.S. District Judge for the Northern District of Illinois: Lindsay C. Jenkins, of Illinois, to be United States District Judge for the Northern District of Illinois",2023-02-14T12:26:00,11
2023/s13,nomination,"On the Nomination PN74: Lindsay C. Jenkins, of Illinois, to be United States District Judge for the Northern District of Illinois",2023-02-14T14:15:00,12
2023/s14,cloture,"Motion to Invoke Cloture: Matthew L. Garcia to be U.S. District Judge for the District of New Mexico: Matthew L. Garcia, of New Mexico, to be United States District Judge for the District of New Mexico",2023-02-14T14:57:00,13
2023/s15,nomination,"On the Nomination PN72: Matthew L. Garcia, of New Mexico, to be United States District Judge for the District of New Mexico",2023-02-14T16:28:00,14
2023/s16,cloture,"Motion to Invoke Cloture: Adrienne C. Nelson to be U.S. District Judge for the District of Oregon: Adrienne C. Nelson, of Oregon, to be United States District Judge for the District of Oregon",2023-02-14T17:14:00,15
2023/s17,nomination,"On the Nomination PN71: Adrienne C. Nelson, of Oregon, to be United States District Judge for the District of Oregon",2023-02-15T11:31:00,16
2023/s18,cloture,"Motion to Invoke Cloture: Ana C. Reyes to be U.S. District Judge for the District of Columbia: Ana C. Reyes, of the District of Columbia, to be United States District Judge for the District of Columbia",2023-02-15T12:26:00,17
2023/s19,cloture,"Motion to Invoke Cloture: Daniel J. Calabretta to be U.S. District Judge for the Eastern District of California: Daniel J. Calabretta, of California, to be United States District Judge for the Eastern District of California",2023-02-15T13:57:00,18
2023/s20,nomination,"On the Nomination PN80: Ana C. Reyes, of the District of Columbia, to be United States District Judge for the District of Columbia",2023-02-15T16:36:00,19
2023/s21,cloture,"Motion to Invoke Cloture: Lester Martinez Lopez to be an Assistant Secretary of Defense: Lester Martinez-Lopez, of Florida, to be an Assistant Secretary of Defense",2023-02-15T17:21:00,20
2023/s23,nomination,"On the Nomination PN3: Lester Martinez-Lopez, of Florida, to be an Assistant Secretary of Defense",2023-02-16T12:20:00,21
2023/s24,cloture,"Motion to Invoke Cloture: Maria Araujo Kahn to be U.S. Circuit Judge for the Second Circuit: Maria Araujo Kahn, of Connecticut, to be United States Circuit Judge for the Second Circuit",2023-02-16T13:40:00,22
2023/s22,nomination,"On the Nomination PN73: Daniel J. Calabretta, of California, to be United States District Judge for the Eastern District of California",2023-02-16T23:27:00,23
2023/s25,cloture,"Motion to Invoke Cloture: Jamar K. Walker to be U.S. District Judge for the Eastern District of Virginia: Jamar K. Walker, of Virginia, to be United States District Judge for the Eastern District of Virginia",2023-02-27T17:34:00,24
2023/s26,nomination,"On the Nomination PN78: Jamar K. Walker, of Virginia, to be United States District Judge for the Eastern District of Virginia",2023-02-28T11:27:00,25
2023/s27,cloture,"Motion to Invoke Cloture: Jamal N. Whitehead to be U.S. District Judge for the Western District of Washington: Jamal N. Whitehead, of Washington, to be United States District Judge for the Western District of Washington",2023-02-28T12:20:00,26
2023/s28,nomination,"On the Nomination PN75: Jamal N. Whitehead, of Washington, to be United States District Judge for the Western District of Washington",2023-02-28T14:15:00,27
2023/s29,cloture,"Motion to Invoke Cloture: Araceli Martinez-Olguin to be U.S. District Judge for the Northern District of California.: Araceli Martinez-Olguin, of California, to be United States District Judge for the Northern District of California",2023-02-28T14:53:00,28
2023/s30,nomination,"On the Nomination PN76: Araceli Martinez-Olguin, of California, to be United States District Judge for the Northern District of California",2023-02-28T16:27:00,29
2023/s31,cloture,"Motion to Invoke Cloture: Margaret R. Guzman to be U.S. District Judge for the District of Massachusetts: Margaret R. Guzman, of Massachusetts, to be United States District Judge for the District of Massachusetts",2023-02-28T17:44:00,30
2023/s32,nomination,"On the Nomination PN77: Margaret R. Guzman, of Massachusetts, to be United States District Judge for the District of Massachusetts",2023-03-01T11:31:00,31
2023/s33,cloture,"Motion to Invoke Cloture: Colleen R. Lawless to be U.S. District Judge for the Central District of Illinois: Colleen R. Lawless, of Illinois, to be United States District Judge for the Central District of Illinois",2023-03-01T12:33:00,32
2023/s34,cloture,"Motion to Invoke Cloture: Jonathan James Canada Grey to be U.S. District Judge for the Eastern District of Michigan: Jonathan James Canada Grey, of Michigan, to be United States District Judge for the Eastern District of Michigan",2023-03-01T14:23:00,33
2023/s35,passage,"H.J.Res. 30 (118th): Providing for congressional disapproval under chapter 8 of title 5, United States Code, of the rule submitted by the Department of Labor relating to “Prudence and Loyalty in Selecting Plan Investments and Exercising Shareholder Right",2023-03-01T16:08:00,34
2023/s36,cloture,"Motion to Invoke Cloture: James Edward Simmons, Jr., to be U.S. District Judge for the Southern District of California: James Edward Simmons, Jr., of California, to be United States District Judge for the Southern District of California",2023-03-01T16:53:00,35
2023/s37,nomination,"On the Nomination PN170: Colleen R. Lawless, of Illinois, to be United States District Judge for the Central District of Illinois",2023-03-02T11:55:00,36
2023/s38,cloture,"Motion to Invoke Cloture: Gordon P. Gallagher to be U.S. District Judge for the District of Colorado: Gordon P. Gallagher, of Colorado, to be United States District Judge for the District of Colorado",2023-03-02T12:41:00,37
2023/s39,nomination,"On the Nomination PN171: Jonathan James Canada Grey, of Michigan, to be United States District Judge for the Eastern District of Michigan",2023-03-02T13:45:00,38
2023/s40,cloture,"Motion to Invoke Cloture: Robert Stewart Ballou to be U.S. District Judge for the Western District of Virginia: Robert Stewart Ballou, of Virginia, to be United States District Judge for the Western District of Virginia",2023-03-06T17:31:00,39
2023/s41,nomination,"On the Nomination PN166: Robert Stewart Ballou, of Virginia, to be United States District Judge for the Western District of Virginia",2023-03-07T11:32:00,40
2023/s42,cloture,"Motion to Invoke Cloture: Andrew G. Schopler to be U.S. District Judge for the Southern District of California: Andrew G. Schopler, of California, to be United States District Judge for the Southern District of California",2023-03-07T12:26:00,41
2023/s43,nomination,"On the Nomination PN178: Andrew G. Schopler, of California, to be United States District Judge for the Southern District of California",2023-03-07T14:15:00,42
2023/s44,cloture,"Motion to Invoke Cloture: Arun Subramanian to be U.S. District Judge for the Southern District of New York: Arun Subramanian, of New York, to be United States District Judge for the Southern District of New York",2023-03-07T14:53:00,43
2023/s45,nomination,"On the Nomination PN179: Arun Subramanian, of New York, to be United States District Judge for the Southern District of New York",2023-03-07T16:33:00,44
2023/s46,cloture,"Motion to Invoke Cloture: Patrice H. Kunesh to be Commissioner of the Administration for Native Americans, Department of Health and Human Services: Patrice H. Kunesh, of Minnesota, to be Commissioner of the Administration for Native Americans, Department of Health and Human Services",2023-03-07T17:26:00,45
2023/s47,nomination,"On the Nomination PN162: Patrice H. Kunesh, of Minnesota, to be Commissioner of the Administration for Native Americans, Department of Health and Human Services",2023-03-08T10:48:00,46
2023/s48,cloture,"Motion to Invoke Cloture: Daniel I. Werfel to be Commissioner of Internal Revenue: Daniel I. Werfel, of the District of Columbia, to be Commissioner of Internal Revenue for the term expiring November 12, 2027",2023-03-08T11:46:00,47
2023/s49,passage,H.J.Res. 26 (118th): Disapproving the action of the District of Columbia Council in approving the Revised Criminal Code Act of 2022.,2023-03-08T18:27:00,48
2023/s50,nomination,"On the Nomination PN27: Daniel I. Werfel, of the District of Columbia, to be Commissioner of Internal Revenue for the term expiring November 12, 2027",2023-03-09T11:51:00,49
2023/s51,nomination,"On the Nomination PN175: James Edward Simmons, Jr., of California, to be United States District Judge for the Southern District of California",2023-03-09T12:47:00,50
2023/s52,nomination,"On the Nomination PN91: Maria Araujo Kahn, of Connecticut, to be United States Circuit Judge for the Second Circuit",2023-03-09T13:45:00,51
2023/s53,cloture,"Motion to Invoke Cloture: Brent Neiman to be a Deputy Under Secretary of the Treasury: Brent Neiman, of Illinois, to be a Deputy Under Secretary of the Treasury",2023-03-14T17:26:00,52
2023/s54,nomination,"On the Nomination PN122: Brent Neiman, of Illinois, to be a Deputy Under Secretary of the Treasury",2023-03-15T11:32:00,53
2023/s55,cloture,"Motion to Invoke Cloture: Eric M. Garcetti, to be Ambassador of the United States of America to the Republic of India: Eric M. Garcetti, of California, to be Ambassador to the Republic of India",2023-03-15T12:25:00,54
2023/s56,nomination,"On the Nomination PN29: Eric M. Garcetti, of California, to be Ambassador to the Republic of India",2023-03-15T14:15:00,55
2023/s57,cloture,"Motion to Invoke Cloture: Ravi Chaudhary to be an Assistant Secretary of the Air Force: Ravi Chaudhary, of Virginia, to be an Assistant Secretary of the Air Force",2023-03-15T14:57:00,56
2023/s58,nomination,"On the Nomination PN6: Ravi Chaudhary, of Virginia, to be an Assistant Secretary of the Air Force",2023-03-15T17:18:00,57
2023/s59,cloture,"Motion to Invoke Cloture: Laura Taylor-Kale to be an Assistant Secretary of Defense: Laura Taylor-Kale, of California, to be an Assistant Secretary of Defense",2023-03-15T18:12:00,58
2023/s60,cloture,"Motion to Invoke Cloture: Jessica G. L. Clarke to be U.S. District Judge for the Southern District of New York: Jessica G. L. Clarke, of New York, to be United States District Judge for the Southern District of New York",2023-03-16T11:32:00,59
2023/s61,cloture,Motion to Invoke Cloture: Motion to Proceed to S. 316,2023-03-16T12:25:00,60
2023/s62,nomination,"On the Nomination PN85: Jessica G. L. Clarke, of New York, to be United States District Judge for the Southern District of New York",2023-03-16T13:52:00,61
2023/s64,nomination,"On the Nomination PN176: Gordon P. Gallagher, of Colorado, to be United States District Judge for the District of Colorado",2023-03-22T11:59:00,62
2023/s65,amendment,S.Amdt. 2 (Paul) to S. 316: To repeal the 2001 Authorization for Use of Military Force.,2023-03-22T17:51:00,63
2023/s66,amendment,S.Amdt. 14 (Graham) to S. 316: To provide for more targeted authority under the Authorization for Use of Military Force Against Iraq Resolution of 2002.,2023-03-22T18:40:00,64
2023/s67,amendment,S.Amdt. 22 (Lee) to S. 316: To provide for the termination of authorizations for use of military force after two years.,2023-03-23T11:31:00,65
2023/s68,amendment,S.Amdt. 4 (Rubio) to S. 316: To require a certification.,2023-03-23T12:29:00,66
2023/s69,amendment,"S.Amdt. 43 (Risch) to S. 316: To provide for a delayed, conditional repeal of the Authorization for Use of Military Force Against Iraq Resolution of 2002.",2023-03-23T13:49:00,67
2023/s70,cloture,Motion to Invoke Cloture: Re: S. 316,2023-03-27T17:34:00,68
2023/s71,amendment,On the Amendment S. 316,2023-03-28T11:32:00,69
2023/s72,amendment,On the Amendment S. 316,2023-03-28T12:37:00,70
2023/s73,amendment,On the Amendment S. 316,2023-03-28T14:31:00,71
2023/s74,amendment,On the Amendment S. 316,2023-03-28T15:38:00,72
2023/s75,amendment,On the Amendment S. 316,2023-03-28T17:11:00,73
2023/s76,amendment,On the Amendment S. 316,2023-03-28T18:14:00,74
2023/s77,passage,S. 316 (118th): A bill to repeal the authorizations for use of military force against Iraq.,2023-03-29T11:50:00,75
2023/s78,cloture,Motion to Invoke Cloture: Motion to Proceed to S. 870,2023-03-29T12:40:00,76
2023/s79,passage,"H.J.Res. 27 (118th): Providing for congressional disapproval under chapter 8 of title 5, United States Code, of the rule submitted by the Department of the Army, Corps of Engineers, Department of Defense and the Environmental Protection Agency relating t",2023-03-29T14:26:00,77
2023/s80,passage,"H.J.Res. 7 (118th): Relating to a national emergency declared by the President on March 13, 2020.",2023-03-29T18:37:00,78
2023/s81,nomination,"On the Nomination PN44: Richard R. Verma, of Maryland, to be Deputy Secretary of State for Management and Resources",2023-03-30T11:46:00,79
2023/s82,nomination,"On the Nomination PN2: Laura Taylor-Kale, of California, to be an Assistant Secretary of Defense",2023-03-30T13:45:00,80
2023/s83,cloture,"Motion to Invoke Cloture: Radha Iyengar Plumb to be a Deputy Under Secretary of Defense.: Radha Iyengar Plumb, of New York, to be a Deputy Under Secretary of Defense",2023-04-17T17:30:00,81
2023/s84,nomination,"On the Nomination PN5: Radha Iyengar Plumb, of New York, to be a Deputy Under Secretary of Defense",2023-04-18T11:27:00,82
2023/s85,cloture,"Motion to Invoke Cloture: Amy Lefkowitz Solomon to be an Assistant Attorney General: Amy Lefkowitz Solomon, of the District of Columbia, to be an Assistant Attorney General",2023-04-18T12:28:00,83
2023/s86,nomination,"On the Nomination PN69: Amy Lefkowitz Solomon, of the District of Columbia, to be an Assistant Attorney General",2023-04-18T14:15:00,84
2023/s87,amendment,S.Amdt. 80 (Lee) to S. 870: To make a categorical exclusion available for use on certain land by States and Indian Tribes through a project delivery program.,2023-04-18T16:41:00,85
2023/s88,amendment,S.Amdt. 79 (Paul) to S. 870: To improve the bill.,2023-04-19T11:43:00,86
2023/s89,amendment,S.Amdt. 72 (Hagerty) to S. 870: To improve the bill.,2023-04-19T12:45:00,87
2023/s91,amendment,S.Amdt. 81 (Scott) to S. 870: To use unspent COVID-19 relief funds to offset the costs of grants.,2023-04-19T17:13:00,88
2023/s93,amendment,S.Amdt. 83 (Sullivan) to S. 870: To improve the bill.,2023-04-20T12:27:00,89
2023/s94,passage,"S. 870 (118th): An act to authorize appropriations for the United States Fire Administration and firefighter assistance grant programs, to advance the benefits of nuclear energy, and for other purposes.",2023-04-20T13:50:00,90
2023/s92,amendment,S.Amdt. 85 (Van Hollen) to S. 870: To provide grants for fire station construction through the Administrator of the Federal Emergency Management Agency.,2023-04-20T23:17:00,91
2023/s95,cloture,"Motion to Invoke Cloture: Joshua David Jacobs to be Under Secretary for Benefits of the Department of Veterans Affairs.: Joshua David Jacobs, of Washington, to be Under Secretary for Benefits of the Department of Veterans Affairs",2023-04-25T17:40:00,92
2023/s96,nomination,"On the Nomination PN195: Joshua David Jacobs, of Washington, to be Under Secretary for Benefits of the Department of Veterans Affairs",2023-04-26T12:05:00,93
2023/s97,cloture,Motion to Invoke Cloture: Motion to Proceed to S. 326,2023-04-26T15:05:00,94
2023/s98,passage,"S.J.Res. 11 (118th): A joint resolution providing for congressional disapproval under chapter 8 of title 5, United States Code, of the rule submitted by the Environmental Protection Agency relating to “Control of Air Pollution From New Motor Vehicles: He",2023-04-26T16:22:00,95
2023/s99,cloture,Motion to Invoke Cloture: Motion to Proceed to S. J. Res. 4,2023-04-27T12:30:00,96
2023/s100,cloture,"Motion to Invoke Cloture: Anthony Devos Johnstone to be U.S. Circuit Judge for the Ninth Circuit: Anthony Devos Johnstone, of Montana, to be United States Circuit Judge for the Ninth Circuit",2023-04-27T13:27:00,97
2023/s101,nomination,"On the Nomination PN89: Anthony Devos Johnstone, of Montana, to be United States Circuit Judge for the Ninth Circuit",2023-05-01T17:26:00,98
2023/s102,cloture,"Motion to Invoke Cloture: Michael Farbiarz to be U.S. District Judge for the District of New Jersey: Michael Farbiarz, of New Jersey, to be United States District Judge for the District of New Jersey",2023-05-02T11:34:00,99
2023/s103,cloture,"Motion to Invoke Cloture: Robert Kirsch to be U.S. District Judge for the District of New Jersey: Robert Kirsch, of New Jersey, to be United States District Judge for the District of New Jersey",2023-05-02T12:25:00,100
2023/s104,nomination,"On the Nomination PN97: Michael Farbiarz, of New Jersey, to be United States District Judge for the District of New Jersey",2023-05-02T14:38:00,101
2023/s105,nomination,"On the Nomination PN96: Robert Kirsch, of New Jersey, to be United States District Judge for the District of New Jersey",2023-05-02T17:02:00,102
2023/s106,cloture,"Motion to Invoke Cloture: Orelia Eleta Merchant to be U.S. District Judge for the Eastern District of New York: Orelia Eleta Merchant, of New York, to be United States District Judge for the Eastern District of New York",2023-05-02T17:59:00,103
2023/s107,nomination,"On the Nomination PN180: Orelia Eleta Merchant, of New York, to be United States District Judge for the Eastern District of New York",2023-05-03T11:29:00,104
2023/s108,cloture,"Motion to Invoke Cloture: Wesley L. Hsu to be U.S. District Judge for the Central District of California: Wesley L. Hsu, of California, to be United States District Judge for the Central District of California",2023-05-03T12:19:00,105
2023/s109,passage,"H.J.Res. 39 (118th): Disapproving the rule submitted by the Department of Commerce relating to “Procedures Covering Suspension of Liquidation, Duties and Estimated Duties in Accord With Presidential Proclamation 10414”.",2023-05-03T17:32:00,106
2023/s110,passage,"S.J.Res. 9 (118th): A joint resolution providing for congressional disapproval under chapter 8 of title 5, United States Code, of the rule submitted by the United States Fish and Wildlife Service relating to “Endangered and Threatened Wildlife and Plants",2023-05-03T18:31:00,107
2023/s111,nomination,"On the Nomination PN163: Wesley L. Hsu, of California, to be United States District Judge for the Central District of California",2023-05-03T19:18:00,108
2023/s112,cloture,"Motion to Invoke Cloture: LaShonda A. Hunt to be U.S. District Judge for the Northern District of Illinois: LaShonda A. Hunt, of Illinois, to be United States District Judge for the Northern District of Illinois",2023-05-03T19:58:00,109
2023/s113,nomination,"On the Nomination PN289: LaShonda A. Hunt, of Illinois, to be United States District Judge for the Northern District of Illinois",2023-05-04T11:37:00,110
2023/s114,cloture,"Motion to Invoke Cloture: Colleen Joy Shogan to be Archivist of the United States: Colleen Joy Shogan, of Pennsylvania, to be Archivist of the United States",2023-05-04T12:29:00,111
2023/s115,cloture,"Motion to Invoke Cloture: Geeta Rao Gupta to be Ambassador at Large for Global Women's Issues: Geeta Rao Gupta, of Virginia, to be Ambassador at Large for Global Women's Issues",2023-05-04T13:38:00,112
2023/s116,cloture,"Motion to Invoke Cloture: L. Felice Gorordo to be U.S. Alternate Executive Director of the International Bank for Reconstruction and Development: L. Felice Gorordo, of Florida, to be United States Alternate Executive Director of the International Bank for Reconstruction and Development for a term of two years",2023-05-09T17:52:00,113
2023/s117,nomination,"On the Nomination PN148: L. Felice Gorordo, of Florida, to be United States Alternate Executive Director of the International Bank for Reconstruction and Development for a term of two years",2023-05-10T11:32:00,114
2023/s118,cloture,"Motion to Invoke Cloture: Glenna Laureen Wright-Gallo to be Assistant Secretary for Special Education and Rehabilitative Services, Department of Education: Glenna Laureen Wright-Gallo, of Nevada, to be Assistant Secretary for Special Education and Rehabilitative Services, Department of Education",2023-05-10T12:28:00,115
2023/s119,nomination,"On the Nomination PN156: Glenna Laureen Wright-Gallo, of Nevada, to be Assistant Secretary for Special Education and Rehabilitative Services, Department of Education",2023-05-10T14:30:00,116
2023/s120,nomination,"On the Nomination PN68: Colleen Joy Shogan, of Pennsylvania, to be Archivist of the United States",2023-05-10T15:20:00,117
2023/s121,nomination,"On the Nomination PN39: Geeta Rao Gupta, of Virginia, to be Ambassador at Large for Global Women's Issues",2023-05-10T17:29:00,118
2023/s122,passage,"S.J.Res. 23 (118th): A joint resolution providing for congressional disapproval under chapter 8 of title 5, United States Code, of the rule submitted by the National Marine Fisheries Service relating to “Endangered and Threatened Wildlife and Plants; Reg",2023-05-11T11:00:00,119
2023/s123,passage,"S.J.Res. 24 (118th): A joint resolution providing for congressional disapproval under chapter 8 of title 5, United States Code, of the rule submitted by the United States Fish and Wildlife Service relating to “Endangered and Threatened Wildlife and Plant",2023-05-11T12:19:00,120
2023/s124,cloture,"Motion to Invoke Cloture: Bradley N. Garcia to be U.S. Circuit Judge for the District of Columbia Circuit: Bradley N. Garcia, of Maryland, to be United States Circuit Judge for the District of Columbia Circuit",2023-05-11T13:46:00,121
2023/s125,nomination,"On the Nomination PN93: Bradley N. Garcia, of Maryland, to be United States Circuit Judge for the District of Columbia Circuit",2023-05-15T17:32:00,122
2023/s126,passage,H.J.Res. 42 (118th): Disapproving the action of the District of Columbia Council in approving the Comprehensive Policing and Justice Reform Amendment Act of 2022.,2023-05-16T14:28:00,123
2023/s127,cloture,"Motion to Invoke Cloture: Jeremy C. Daniel to be U.S. District Judge for the Northern District of Illinois: Jeremy C. Daniel, of Illinois, to be United States District Judge for the Northern District of Illinois",2023-05-17T11:31:00,124
2023/s128,nomination,"On the Nomination PN450: Jeremy C. Daniel, of Illinois, to be United States District Judge for the Northern District of Illinois",2023-05-17T14:22:00,125
2023/s129,cloture,"Motion to Invoke Cloture: Darrel James Papillion to be U.S. District Judge for the Eastern District of Louisiana: Darrel James Papillion, of Louisiana, to be United States District Judge for the Eastern District of Louisiana",2023-05-17T15:19:00,126
2023/s130,passage,S.J.Res. 18 (118th): A joint resolution disapproving of the rule submitted by the Department of Homeland Security relating to “Public Charge Ground of Inadmissibility”.,2023-05-17T16:55:00,127
2023/s131,cloture,"Motion to Invoke Cloture: Nancy G. Abudu to be U.S. Circuit Judge for the Eleventh Circuit: Nancy G. Abudu, of Georgia, to be United States Circuit Judge for the Eleventh Circuit",2023-05-17T17:57:00,128
2023/s132,nomination,"On the Nomination PN95: Nancy G. Abudu, of Georgia, to be United States Circuit Judge for the Eleventh Circuit",2023-05-18T13:51:00,129
2023/s133,nomination,"On the Nomination PN455: Darrel James Papillion, of Louisiana, to be United States District Judge for the Eastern District of Louisiana",2023-05-30T17:31:00,130
2023/s135,passage,"H.J.Res. 45 (118th): Providing for congressional disapproval under chapter 8 of title 5, United States Code, of the rule submitted by the Department of Education relating to “Waivers and Modifications of Federal Student Loans”.",2023-06-01T12:45:00,131
2023/s136,amendment,S.Amdt. 107 (Paul) to H.R. 3746: In the nature of a substitute.,2023-06-01T19:30:00,132
2023/s137,amendment,S.Amdt. 91 (Braun) to H.R. 3746: To rescind discretionary appropriations in the event of a debt ceiling crisis period and to honor the full faith and credit of the debts of the United States in the event of a debt ceiling crisis.,2023-06-01T20:22:00,133
2023/s138,amendment,"S.Amdt. 110 (Marshall) to H.R. 3746: To secure the borders of the United States, and for other purposes.",2023-06-01T20:38:00,134
2023/s139,amendment,S.Amdt. 125 (Sullivan) to H.R. 3746: To provide adequate funding for defense and increase the rescission of funding for the Internal Revenue Service.,2023-06-01T20:53:00,135
2023/s140,amendment,S.Amdt. 93 (Hawley) to H.R. 3746: To require the imposition of additional duties with respect to articles imported from the People's Republic of China until trade between the United States and the People's Republic of China comes into balance.,2023-06-01T21:05:00,136
2023/s141,amendment,S.Amdt. 104 (Kennedy) to H.R. 3746: To remove the sunset on modification of work requirement exemptions.,2023-06-01T21:22:00,137
2023/s142,amendment,"S.Amdt. 106 (Cotton) to H.R. 3746: To provide appropriate adjustments to the discretionary spending limits, in the event of funding under a continuing resolution.",2023-06-01T21:36:00,138
2023/s143,amendment,S.Amdt. 134 (Budd) to H.R. 3746: To rescind unnecessary coronavirus funds.,2023-06-01T21:49:00,139
2023/s144,amendment,S.Amdt. 98 (Lee) to H.R. 3746: To strike the waiver authority for Administrative PAYGO.,2023-06-01T22:01:00,140
2023/s145,amendment,S.Amdt. 101 (Kaine) to H.R. 3746: To strike a provision relating to expediting completion of the Mountain Valley Pipeline.,2023-06-01T22:18:00,141
2023/s146,passage,H.R. 3746 (118th): Fiscal Responsibility Act of 2023,2023-06-01T22:37:00,142
2023/s147,cloture,"Motion to Invoke Cloture: David Crane to be Under Secretary of Energy: David Crane, of New Jersey, to be Under Secretary of Energy",2023-06-06T17:28:00,143
2023/s148,nomination,"On the Nomination PN18: David Crane, of New Jersey, to be Under Secretary of Energy",2023-06-07T11:35:00,144
2023/s149,cloture,"Motion to Invoke Cloture: Dilawar Syed to be Deputy Administrator of the Small Business Administration: Dilawar Syed, of California, to be Deputy Administrator of the Small Business Administration",2023-06-07T14:26:00,145
2023/s150,nomination,"On the Nomination PN99: Dilawar Syed, of California, to be Deputy Administrator of the Small Business Administration",2023-06-08T11:33:00,146
2023/s151,cloture,"Motion to Invoke Cloture: Molly R. Silfen to be a Judge of the United States Court of Federal Claims: Molly R. Silfen, of the District of Columbia, to be a Judge of the United States Court of Federal Claims for a term of fifteen years",2023-06-08T12:37:00,147
2023/s152,nomination,"On the Nomination PN377: Molly R. Silfen, of the District of Columbia, to be a Judge of the United States Court of Federal Claims for a term of fifteen years",2023-06-08T13:40:00,148
2023/s153,cloture,"Motion to Invoke Cloture: Elizabeth Allen to be Under Secretary of State for Public Diplomacy: Elizabeth Allen, of New York, to be Under Secretary of State for Public Diplomacy",2023-06-12T17:33:00,149
2023/s154,nomination,"On the Nomination PN138: Elizabeth Allen, of New York, to be Under Secretary of State for Public Diplomacy",2023-06-13T11:28:00,150
2023/s155,cloture,"Motion to Invoke Cloture: Hernan D. Vera to be U.S. District Judge for the Central District of California: Hernan D. Vera, of California, to be United States District Judge for the Central District of California",2023-06-13T12:22:00,151
2023/s156,cloture,"Motion to Invoke Cloture: Jared Bernstein to be Chairman of the Council of Economic Advisers: Jared Bernstein, of Virginia, to be Chairman of the Council of Economic Advisers",2023-06-13T14:15:00,152
2023/s157,nomination,"On the Nomination PN87: Hernan D. Vera, of California, to be United States District Judge for the Central District of California",2023-06-13T16:56:00,153
2023/s158,nomination,"On the Nomination PN383: Jared Bernstein, of Virginia, to be Chairman of the Council of Economic Advisers",2023-06-13T18:01:00,154
2023/s159,cloture,"Motion to Invoke Cloture: P. Casey Pitts to be U.S. District Judge for the Northern District of California: P. Casey Pitts, of California, to be United States District Judge for the Northern District of California",2023-06-14T11:39:00,155
2023/s160,cloture,"Motion to Invoke Cloture: Dale E. Ho to be U.S. District Judge for the Southern District of New York: Dale E. Ho, of New York, to be United States District Judge for the Southern District of New York",2023-06-14T12:27:00,156
2023/s161,nomination,"On the Nomination PN177: P. Casey Pitts, of California, to be United States District Judge for the Northern District of California",2023-06-14T14:27:00,157
2023/s162,nomination,"On the Nomination PN86: Dale E. Ho, of New York, to be United States District Judge for the Southern District of New York",2023-06-14T15:23:00,158
2023/s163,cloture,"Motion to Invoke Cloture: Nusrat Jahan Choudhury to be U.S. District Judge for the Eastern District of New York: Nusrat Jahan Choudhury, of New York, to be United States District Judge for the Eastern District of New York",2023-06-14T17:14:00,159
2023/s164,nomination,"On the Nomination PN83: Nusrat Jahan Choudhury, of New York, to be United States District Judge for the Eastern District of New York",2023-06-15T11:13:00,160
2023/s165,cloture,"Motion to Invoke Cloture: Julie Rikelman to be U.S. Circuit Judge for the First Circuit: Julie Rikelman, of Massachusetts, to be United States Circuit Judge for the First Circuit",2023-06-15T13:46:00,161
2023/s166,nomination,"On the Nomination PN90: Julie Rikelman, of Massachusetts, to be United States Circuit Judge for the First Circuit",2023-06-20T17:32:00,162
2023/s168,cloture,"Motion to Invoke Cloture: Natasha C. Merle to be U.S. District Judge for the Eastern District of New York: Natasha C. Merle, of New York, to be United States District Judge for the Eastern District of New York",2023-06-21T12:32:00,163
2023/s169,nomination,"On the Nomination PN82: Natasha C. Merle, of New York, to be United States District Judge for the Eastern District of New York",2023-06-21T14:16:00,164
2023/s170,cloture,"Motion to Invoke Cloture: Treaty Doc. 112-8, Tax Convention with Chile",2023-06-21T15:34:00,165
2023/s171,passage,"H.J.Res. 44 (118th): Providing for congressional disapproval under chapter 8 of title 5, United States Code, of the rule submitted by the Bureau of Alcohol, Tobacco, Firearms, and Explosives relating to “Factoring Criteria for Firearms with Attached ‘Sta",2023-06-22T12:02:00,166
2023/s173,cloture,"Motion to Invoke Cloture: Xochitl Torres Small to be Deputy Secretary of Agriculture: Xochitl Torres Small, of New Mexico, to be Deputy Secretary of Agriculture",2023-07-10T17:36:00,167
2023/s174,nomination,"On the Nomination PN382: Xochitl Torres Small, of New Mexico, to be Deputy Secretary of Agriculture",2023-07-11T11:36:00,168
2023/s175,cloture,"Motion to Invoke Cloture: Rosemarie Hidalgo to be Director of the Violence Against Women Office, Department of Justice: Rosemarie Hidalgo, of the District of Columbia, to be Director of the Violence Against Women Office, Department of Justice",2023-07-11T12:31:00,169
2023/s176,cloture,"Motion to Invoke Cloture: Kymberly Kathryn Evanson to be U.S. District Judge for the Western District of Washington: Kymberly Kathryn Evanson, of Washington, to be United States District Judge for the Western District of Washington",2023-07-11T14:15:00,170
2023/s177,nomination,"On the Nomination PN70: Rosemarie Hidalgo, of the District of Columbia, to be Director of the Violence Against Women Office, Department of Justice",2023-07-11T16:31:00,171
2023/s178,nomination,"On the Nomination PN168: Kymberly Kathryn Evanson, of Washington, to be United States District Judge for the Western District of Washington",2023-07-11T17:20:00,172
2023/s179,cloture,"Motion to Invoke Cloture: Tiffany M. Cartwright to be U.S. District Judge for the Western District of Washington: Tiffany M. Cartwright, of Washington, to be United States District Judge for the Western District of Washington",2023-07-11T17:52:00,173
2023/s180,nomination,"On the Nomination PN81: Tiffany M. Cartwright, of Washington, to be United States District Judge for the Western District of Washington",2023-07-12T11:35:00,174
2023/s181,cloture,"Motion to Invoke Cloture: Myong J. Joun to be U.S. District Judge for the District of Massachusetts: Myong J. Joun, of Massachusetts, to be United States District Judge for the District of Massachusetts",2023-07-12T12:32:00,175
2023/s182,nomination,"On the Nomination PN169: Myong J. Joun, of Massachusetts, to be United States District Judge for the District of Massachusetts",2023-07-12T16:09:00,176
2023/s183,cloture,"Motion to Invoke Cloture: Kalpana Kotagal to be a Member of the Equal Employment Opportunity Commission: Kalpana Kotagal, of Ohio, to be a Member of the Equal Employment Opportunity Commission for a term expiring July 1, 2027",2023-07-12T17:09:00,177
2023/s184,nomination,"On the Nomination PN64: Kalpana Kotagal, of Ohio, to be a Member of the Equal Employment Opportunity Commission for a term expiring July 1, 2027",2023-07-13T11:31:00,178
2023/s185,cloture,"Motion to Invoke Cloture: David M. Uhlmann to be an Assistant Administrator of the Environmental Protection Agency: David M. Uhlmann, of Michigan, to be an Assistant Administrator of the Environmental Protection Agency",2023-07-13T12:31:00,179
2023/s186,cloture,"Motion to Invoke Cloture: Rachel Bloomekatz to be U.S. Circuit Judge for the Sixth Circuit: Rachel Bloomekatz, of Ohio, to be United States Circuit Judge for the Sixth Circuit",2023-07-13T13:35:00,180
2023/s187,nomination,"On the Nomination PN94: Rachel Bloomekatz, of Ohio, to be United States Circuit Judge for the Sixth Circuit",2023-07-18T17:30:00,181
2023/s188,cloture,Motion to Invoke Cloture: Motion to Proceed to S. 2226,2023-07-18T18:27:00,182
2023/s189,amendment,S.Amdt. 300 (Murray) to S. 2226: To amend the Energy Employees Occupational Illness Compensation Program Act of 2000 to expand the ways beryllium sensitivity can be established for purposes of compensation under that Act and to extend the authorization o,2023-07-19T14:58:00,183
2023/s190,amendment,"S.Amdt. 429 (Kaine) to S. 2226: To require the advice and consent of the Senate or an Act of Congress to suspend, terminate, or withdraw the United States from the North Atlantic Treaty and authorizing related litigation, and for other purposes.",2023-07-19T16:04:00,184
2023/s191,amendment,S.Amdt. 222 (Paul) to S. 2226: To express the sense of Congress that Article 5 of the North Atlantic Treaty does not supersede the constitutional requirement that Congress declare war before the United States engages in war.,2023-07-19T16:33:00,185
2023/s192,amendment,"S.Amdt. 838 (Hawley) to S. 2226: To amend the Foreign Assistance Act of 1961 to clarify the meaning of the term ""aggregate value"" for purposes of the Presidential drawdown authority.",2023-07-19T17:04:00,186
2023/s193,nomination,"On the Nomination PN118: David M. Uhlmann, of Michigan, to be an Assistant Administrator of the Environmental Protection Agency",2023-07-20T12:00:00,187
2023/s194,amendment,S.Amdt. 926 (Cruz) to S. 2226: To prohibit the export or sale of petroleum products from the Strategic Petroleum Reserve to certain entities.,2023-07-20T13:08:00,188
2023/s195,amendment,S.Amdt. 376 (Lee) to S. 2226: To limit the availability of funds for the support of Ukraine.,2023-07-20T15:26:00,189
2023/s196,amendment,S.Amdt. 931 (Cornyn) to S. 2226: To provide for an investment screening mechanism relating to covered sectors.,2023-07-25T17:34:00,190
2023/s197,amendment,S.Amdt. 813 (Rounds) to S. 2226: To amend the Defense Production Act of 1950 to include the Secretary of Agriculture on the Committee on Foreign Investment in the United States and require review of certain agricultural transactions.,2023-07-25T18:26:00,191
2023/s198,amendment,S.Amdt. 199 (Warnock) to S. 2226: To provide enhanced protection against debt collector harassment of members of the Armed Forces.,2023-07-26T12:16:00,192
2023/s199,amendment,S.Amdt. 421 (Cruz) to S. 2226: To provide remedies to members of the Armed Forces discharged or subject to adverse action under the COVID-19 vaccine mandate.,2023-07-26T20:08:00,193
2023/s200,amendment,S.Amdt. 1055 (Wicker) to S. 2226: To establish the Office of the Lead Inspector General for Ukraine Assistance.,2023-07-26T21:10:00,194
2023/s201,amendment,"S.Amdt. 438 (Paul) to S. 2226: To provide for the independent and objective conduct and supervision of audits and investigations relating to the programs and operations funded with amounts appropriated or otherwise made available to Ukraine for military,",2023-07-26T21:36:00,195
2023/s202,amendment,"S.Amdt. 999 (Barrasso) to S. 2226: To require the Secretary of Energy to establish a Nuclear Fuel Security Program, expand the American Assured Fuel Supply Program, establish an HALEU for Advanced Nuclear Reactor Demonstration Projects Program, and submi",2023-07-27T11:37:00,196
2023/s203,amendment,S.Amdt. 1030 (Sanders) to S. 2226: To reduce military spending.,2023-07-27T13:03:00,197
2023/s204,amendment,"S.Amdt. 874 (Marshall) to S. 2226: To prohibit the flying, draping, or other display of any flag other than the flag of the United States at public buildings.",2023-07-27T14:22:00,198
2023/s205,amendment,S.Amdt. 1034 (Kennedy) to S. 2226: To prohibit allocations of Special Drawing Rights at the International Monetary Fund for perpetrators of genocide and state sponsors of terrorism without congressional authorization.,2023-07-27T15:16:00,199
2023/s206,amendment,S.Amdt. 1065 (Gillibrand) to S. 2226: To amend title XXXIII of the Public Health Service Act with respect to funding for the World Trade Center Health Program.,2023-07-27T16:05:00,200
2023/s207,amendment,"S.Amdt. 1058 (Hawley) to S. 2226: To extend the period for filing claims under the Radiation Exposure Compensation Act and to provide for compensation under such Act for claims relating to Manhattan Project waste, and to improve compensation for workers ",2023-07-27T16:43:00,201
2023/s208,amendment,S.Amdt. 638 (Menendez) to S. 2226: To reauthorize the Firefighter Cancer Registry Act of 2018.,2023-07-27T17:10:00,202
2023/s209,amendment,S.Amdt. 1078 (Schatz) to S. 2226: To reauthorize the Native American Housing Assistance and Self-Determination Act of 1996.,2023-07-27T17:36:00,203
2023/s210,amendment,S.Amdt. 523 (Rubio) to S. 2226: To provide that sums in the Thrift Savings Fund may not be invested in securities that are listed on certain foreign exchanges.,2023-07-27T18:39:00,204
2023/s211,amendment,S.Amdt. 1087 (Reed) to S. 2226: To provide for a manager's amendment.,2023-07-27T19:31:00,205
2023/s212,passage,S. 2226 (118th): National Defense Authorization Act for Fiscal Year 2024,2023-07-27T19:57:00,206
2023/s213,cloture,"Motion to Invoke Cloture: Philip Nathan Jefferson to be Vice Chairman of the Board of Governors of the Federal Reserve System: Philip Nathan Jefferson, of North Carolina, to be Vice Chairman of the Board of Governors of the Federal Reserve System for a term of four years",2023-09-05T17:31:00,207
2023/s214,nomination,"On the Nomination PN645: Philip Nathan Jefferson, of North Carolina, to be Vice Chairman of the Board of Governors of the Federal Reserve System for a term of four years",2023-09-06T11:35:00,208
2023/s215,cloture,"Motion to Invoke Cloture: Gwynne A. Wilcox to be a Member of the National Labor Relations Board: Gwynne A. Wilcox, of New York, to be a Member of the National Labor Relations Board for the term of five years expiring August 27, 2028",2023-09-06T12:39:00,209
2023/s216,nomination,"On the Nomination PN743: Gwynne A. Wilcox, of New York, to be a Member of the National Labor Relations Board for the term of five years expiring August 27, 2028",2023-09-06T14:15:00,210
2023/s217,cloture,"Motion to Invoke Cloture: Lisa DeNell Cook to be a Member of the Board of Governors of the Federal Reserve System: Lisa DeNell Cook, of Michigan, to be a Member of the Board of Governors of the Federal Reserve System for a term of fourteen years from February 1, 2024",2023-09-06T15:05:00,211
2023/s218,nomination,"On the Nomination PN644: Lisa DeNell Cook, of Michigan, to be a Member of the Board of Governors of the Federal Reserve System for a term of fourteen years from February 1, 2024",2023-09-06T17:12:00,212
2023/s219,cloture,"Motion to Invoke Cloture: Adriana Debora Kugler to be a Member of the Board of Governors of the Federal Reserve System: Adriana Debora Kugler, of Maryland, to be a Member of the Board of Governors of the Federal Reserve System for the unexpired term of fourteen years from February 1, 2012",2023-09-06T18:10:00,213
2023/s220,nomination,"On the Nomination PN646: Adriana Debora Kugler, of Maryland, to be a Member of the Board of Governors of the Federal Reserve System for the unexpired term of fourteen years from February 1, 2012",2023-09-07T11:52:00,214
2023/s221,cloture,"Motion to Invoke Cloture: Anna M. Gomez to be a Member of the Federal Communications Commission: Anna M. Gomez, of Virginia, to be a Member of the Federal Communications Commission for a term of five years from July 1, 2021",2023-09-07T12:40:00,215
2023/s222,nomination,"On the Nomination PN673: Anna M. Gomez, of Virginia, to be a Member of the Federal Communications Commission for a term of five years from July 1, 2021",2023-09-07T13:50:00,216
2023/s223,cloture,"Motion to Invoke Cloture: Tanya J. Bradsher to be Deputy Secretary of Veterans Affairs: Tanya J. Bradsher, of Virginia, to be Deputy Secretary of Veterans Affairs",2023-09-11T17:28:00,217
2023/s224,nomination,"On the Nomination PN551: Tanya J. Bradsher, of Virginia, to be Deputy Secretary of Veterans Affairs",2023-09-12T11:30:00,218
2023/s225,cloture,"Motion to Invoke Cloture: Jeffrey Irvine Cummings to be U.S. District Judge for the Northern District of Illinois: Jeffrey Irvine Cummings, of Illinois, to be United States District Judge for the Northern District of Illinois",2023-09-12T12:30:00,219
2023/s226,nomination,"On the Nomination PN287: Jeffrey Irvine Cummings, of Illinois, to be United States District Judge for the Northern District of Illinois",2023-09-12T14:15:00,220
2023/s227,cloture,Motion to Invoke Cloture: Motion to Proceed to H.R. 4366,2023-09-12T15:07:00,221
2023/s229,cloture,"Motion to Invoke Cloture: Vernon D. Oliver to be U.S. District Judge for the District of Connecticut: Vernon D. Oliver, of Connecticut, to be United States District Judge for the District of Connecticut",2023-09-18T17:31:00,222
2023/s230,nomination,"On the Nomination PN591: Vernon D. Oliver, of Connecticut, to be United States District Judge for the District of Connecticut",2023-09-19T11:31:00,223
2023/s231,cloture,"Motion to Invoke Cloture: Rita F. Lin to be U.S. District Judge for the Northern District of California: Rita F. Lin, of California, to be United States District Judge for the Northern District of California",2023-09-19T12:27:00,224
2023/s232,nomination,"On the Nomination PN173: Rita F. Lin, of California, to be United States District Judge for the Northern District of California",2023-09-19T14:15:00,225
2023/s233,cloture,Motion to Invoke Cloture: Motion to Suspend the rules under Rule V Re: Amdt No 1092,2023-09-20T12:15:00,226
2023/s234,cloture,"Motion to Invoke Cloture: Gen. Charles Q. Brown Jr. for reappointment as Chairman of the Joint Chiefs of Staff and appointment in the U.S. Air Force: to be General: Gen. Charles Q. Brown, Jr., in the Air Force, to be General",2023-09-20T15:31:00,227
2023/s235,nomination,"On the Nomination PN677: Gen. Charles Q. Brown, Jr., in the Air Force, to be General",2023-09-20T18:30:00,228
2023/s236,cloture,"Motion to Invoke Cloture: Gen. Randy A. George for appointment as Chief of Staff of the Army and appointment in the U.S. Army to be General: Gen. Randy A. George, in the Army, to be General",2023-09-20T19:22:00,229
2023/s237,nomination,"On the Nomination PN537: Gen. Randy A. George, in the Army, to be General",2023-09-21T11:45:00,230
2023/s238,cloture,"Motion to Invoke Cloture: Gen. Eric M. Smith for appointment as Commandant of the Marine Corps and appointment in the U.S. Marine Corps: to be General: Gen. Eric M. Smith, in the Marine Corps, to be General",2023-09-21T12:38:00,231
2023/s239,nomination,"On the Nomination PN691: Gen. Eric M. Smith, in the Marine Corps, to be General",2023-09-21T13:42:00,232
2023/s240,cloture,Motion to Invoke Cloture: Motion to Proceed to H.R. 3935,2023-09-26T17:34:00,233
2023/s244,nomination,"On the Nomination PN183: Todd Gee, of the District of Columbia, to be United States Attorney for the Southern District of Mississippi for the term of four years",2023-09-29T12:02:00,234
2023/s245,nomination,"On the Nomination PN453: Tara K. McGrath, of California, to be United States Attorney for the Southern District of California for the term of four years",2023-09-29T12:58:00,235
2023/s247,passage,"H.R. 5860 (118th): Continuing Appropriations Act, 2024 and Other Extensions Act",2023-09-30T20:10:00,236
2023/s248,cloture,"Motion to Invoke Cloture: James C. O'Brien to be Assistant Secretary of State (European and Eurasian Affairs): James C. O'Brien, of Nebraska, to be an Assistant Secretary of State (European and Eurasian Affairs)",2023-10-03T17:27:00,237
2023/s249,nomination,"On the Nomination PN676: James C. O'Brien, of Nebraska, to be an Assistant Secretary of State (European and Eurasian Affairs)",2023-10-04T11:45:00,238
2023/s250,cloture,"Motion to Invoke Cloture: Brendan Abell Hurson to be U.S. District Judge for the District of Maryland: Brendan Abell Hurson, of Maryland, to be United States District Judge for the District of Maryland",2023-10-04T12:43:00,239
2023/s251,nomination,"On the Nomination PN451: Brendan Abell Hurson, of Maryland, to be United States District Judge for the District of Maryland",2023-10-04T14:15:00,240
2023/s252,cloture,"Motion to Invoke Cloture: Susan Kim DeClercq to be U.S. District Judge for the Eastern District of Michigan: Susan Kim DeClercq, of Michigan, to be United States District Judge for the Eastern District of Michigan",2023-10-04T15:04:00,241
2023/s253,nomination,"On the Nomination PN589: Susan Kim DeClercq, of Michigan, to be United States District Judge for the Eastern District of Michigan",2023-10-04T17:29:00,242
2023/s254,cloture,"Motion to Invoke Cloture: Jennifer L. Hill to be U.S. District Judge for the District of Delaware: Jennifer L. Hall, of Pennsylvania, to be United States District Judge for the District of Delaware",2023-10-16T17:31:00,243
2023/s255,nomination,"On the Nomination PN812: Jennifer L. Hall, of Pennsylvania, to be United States District Judge for the District of Delaware",2023-10-17T11:33:00,244
2023/s256,cloture,"Motion to Invoke Cloture: Julia Kathleen Munley to be U.S. District Judge for the Middle District of Pennsylvania: Julia Kathleen Munley, of Pennsylvania, to be United States District Judge for the Middle District of Pennsylvania",2023-10-17T12:33:00,245
2023/s257,nomination,"On the Nomination PN590: Julia Kathleen Munley, of Pennsylvania, to be United States District Judge for the Middle District of Pennsylvania",2023-10-17T14:15:00,246
2023/s258,cloture,"Motion to Invoke Cloture: Karla Ann Gilbride to be General Counsel of the Equal Employment Opportunity Commission: Karla Ann Gilbride, of Maryland, to be General Counsel of the Equal Employment Opportunity Commission for a term of four years",2023-10-17T15:03:00,247
2023/s259,nomination,"On the Nomination PN65: Karla Ann Gilbride, of Maryland, to be General Counsel of the Equal Employment Opportunity Commission for a term of four years",2023-10-17T17:24:00,248
2023/s260,passage,"S.J.Res. 32 (118th): A joint resolution providing for congressional disapproval under chapter 8 of title 5, United States Code, of the rule submitted by the Bureau of Consumer Financial Protection relating to “Small Business Lending Under the Equal Credi",2023-10-18T12:00:00,249
2023/s261,passage,S.Res. 417 (118th): A resolution standing with Israel against terrorism.,2023-10-19T13:51:00,250
2023/s262,cloture,"Motion to Invoke Cloture: Michael G. Whitaker to be Administrator of the Federal Aviation Administration: Michael G. Whitaker, of Vermont, to be Administrator of the Federal Aviation Administration for the term of five years",2023-10-24T14:15:00,251
2023/s263,nomination,"On the Nomination PN980: Michael G. Whitaker, of Vermont, to be Administrator of the Federal Aviation Administration for the term of five years",2023-10-24T17:08:00,252
2023/s264,cloture,"Motion to Invoke Cloture: Jessica Looman to be Administrator of the Wage and Hour Division, Department of Labor: Jessica Looman, of Minnesota, to be Administrator of the Wage and Hour Division, Department of Labor",2023-10-24T18:06:00,253
2023/s265,nomination,"On the Nomination PN155: Jessica Looman, of Minnesota, to be Administrator of the Wage and Hour Division, Department of Labor",2023-10-25T11:32:00,254
2023/s266,amendment,S.Amdt. 1210 (Vance) to H.R. 4366: To prohibit funds appropriated for the Department of Transportation for fiscal year 2024 from being used to enforce a mask mandate in response to the COVID-19 virus.,2023-10-25T12:31:00,255
2023/s267,amendment,S.Amdt. 1237 (Rubio) to H.R. 4366: To prohibit the use of funds to implement the final rule regarding energy efficient standards for certain subsidized housing.,2023-10-25T14:18:00,256
2023/s268,amendment,S.Amdt. 1354 (Kennedy) to H.R. 4366: To prohibit the availability of funds for the Secretary of Veterans Affairs to report certain information to the Department of Justice for use by the National Instant Criminal Background Check System.,2023-10-25T15:10:00,257
2023/s269,amendment,"S.Amdt. 1232 (Lankford) to H.R. 4366: To provide for a period of continuing appropriations in the event of a lapse in appropriations under the normal appropriations process, and establish procedures and consequences in the event of a failure to enact app",2023-10-25T17:49:00,258
2023/s271,amendment,S.Amdt. 1182 (Braun) to H.R. 4366: To prohibit earmarks.,2023-10-26T12:36:00,259
2023/s272,passage,"S.J.Res. 42 (118th): A joint resolution providing for congressional disapproval under chapter 8 of title 5, United States Code, of the rule submitted by the Food and Nutrition Service relating to “Application of Bostock v. Clayton County to Program Discr",2023-10-26T13:51:00,260
2023/s273,cloture,"Motion to Invoke Cloture: Matthew James Maddox to be U.S. District Judge for the District of Maryland: Matthew James Maddox, of Maryland, to be United States District Judge for the District of Maryland",2023-10-30T17:26:00,261
2023/s274,nomination,"On the Nomination PN452: Matthew James Maddox, of Maryland, to be United States District Judge for the District of Maryland",2023-10-31T11:28:00,262
2023/s275,cloture,"Motion to Invoke Cloture: Jacob J. Lew to be Ambassador of the United States of America to the State of Israel: Jacob J. Lew, of New York, to be Ambassador to the State of Israel",2023-10-31T12:50:00,263
2023/s276,nomination,"On the Nomination PN1062: Jacob J. Lew, of New York, to be Ambassador to the State of Israel",2023-10-31T14:32:00,264
2023/s277,amendment,"S.Amdt. 1200 (Hawley) to H.R. 4366: To prohibit the use of funds for providing grants, funding, or any financial benefit to Chinese entities.",2023-10-31T15:23:00,265
2023/s278,amendment,S.Amdt. 1296 (Cruz) to H.R. 4366: To prohibit using funds to pay the salary of an individual who was nominated to the position of Administrator of the National Highway Traffic Safety Administration and whose nomination was subsequently withdrawn.,2023-10-31T16:19:00,266
2023/s279,amendment,S.Amdt. 1243 (Budd) to H.R. 4366: To prohibit the use of funds to implement or enforce Executive Order 14019.,2023-10-31T17:02:00,267
2023/s280,amendment,S.Amdt. 1217 (Paul) to H.R. 4366: To require a full audit of the Board of Governors of the Federal Reserve System and the Federal reserve banks by the Comptroller General of the United States.,2023-11-01T11:33:00,268
2023/s281,amendment,S.Amdt. 1347 (Paul) to H.R. 4366: To reduce the amounts appropriated in divisions B and C and to rescind amounts appropriated to the Internal Revenue Service.,2023-11-01T12:43:00,269
2023/s282,amendment,S.Amdt. 1249 (Cruz) to H.R. 4366: To ensure that United States diplomats and officials of the U.S. Section of the International Boundary and Water Commission are able to advance efforts seeking compliance by the United Mexican States with the 1944 Treaty,2023-11-01T14:37:00,270
2023/s283,amendment,S.Amdt. 1121 (Lee) to H.R. 4366: To require congressional review of certain agency rulemaking.,2023-11-01T15:35:00,271
2023/s284,passage,"H.R. 4366 (118th): Consolidated Appropriations Act, 2024",2023-11-01T16:35:00,272
2023/s285,passage,H.R. 662 (118th): Block Grant Assistance Act of 2023,2023-11-01T17:36:00,273
2023/s286,cloture,"Motion to Invoke Cloture: Adm. Lisa M. Franchetti for Appointment as Chief of Naval Operations and to be Admiral: Adm. Lisa M. Franchetti, in the Navy, to be Admiral",2023-11-02T11:03:00,274
2023/s287,nomination,"On the Nomination PN882: Adm. Lisa M. Franchetti, in the Navy, to be Admiral",2023-11-02T12:00:00,275
2023/s288,cloture,"Motion to Invoke Cloture: Gen. David W. Allvin for appointment as Chief of Staff, U.S. Air Force, and to be General: Gen. David W. Allvin, in the Air Force, to be General",2023-11-02T12:50:00,276
2023/s289,nomination,"On the Nomination PN877: Gen. David W. Allvin, in the Air Force, to be General",2023-11-02T13:21:00,277
2023/s290,cloture,"Motion to Invoke Cloture: Lt. Gen. Christopher J. Mahoney for appointment as Asst. Commandant of the Marine Corps, and to be General: Lt. Gen. Christopher J. Mahoney, in the Marine Corps, to be General",2023-11-02T14:01:00,278
2023/s291,nomination,"On the Nomination PN881: Lt. Gen. Christopher J. Mahoney, in the Marine Corps, to be General",2023-11-02T14:22:00,279
2023/s292,cloture,"Motion to Invoke Cloture: Monica M. Bertagnolli to be Director of the National Institutes of Health: Monica M. Bertagnolli, of Massachusetts, to be Director of the National Institutes of Health",2023-11-06T17:31:00,280
2023/s293,nomination,"On the Nomination PN649: Monica M. Bertagnolli, of Massachusetts, to be Director of the National Institutes of Health",2023-11-07T12:27:00,281
2023/s294,cloture,"Motion to Invoke Cloture: Kenly Kiya Kato to be U.S. District Judge for the Central District of California: Kenly Kiya Kato, of California, to be United States District Judge for the Central District of California",2023-11-07T13:26:00,282
2023/s295,nomination,"On the Nomination PN84: Kenly Kiya Kato, of California, to be United States District Judge for the Central District of California",2023-11-07T14:24:00,283
2023/s296,cloture,"Motion to Invoke Cloture: Julia E. Kobick to be U.S. District Judge for the District of Massachusetts: Julia E. Kobick, of Massachusetts, to be United States District Judge for the District of Massachusetts",2023-11-07T15:22:00,284
2023/s297,nomination,"On the Nomination PN172: Julia E. Kobick, of Massachusetts, to be United States District Judge for the District of Massachusetts",2023-11-07T17:44:00,285
2023/s298,cloture,"Motion to Invoke Cloture: Ramon Ernesto Reyes, Jr. to be U.S. District Judge for the Eastern District of New York: Ramon Ernesto Reyes, Jr., of New York, to be United States District Judge for the Eastern District of New York",2023-11-07T18:32:00,286
2023/s299,nomination,"On the Nomination PN174: Ramon Ernesto Reyes, Jr., of New York, to be United States District Judge for the Eastern District of New York",2023-11-08T11:29:00,287
2023/s300,cloture,"Motion to Invoke Cloture: Charlotte A. Burrows to be a Member of the Equal Employment Opportunity Commission: Charlotte A. Burrows, of the District of Columbia, to be a Member of the Equal Employment Opportunity Commission for a term expiring July 1, 2028",2023-11-08T12:30:00,288
2023/s301,nomination,"On the Nomination PN786: Charlotte A. Burrows, of the District of Columbia, to be a Member of the Equal Employment Opportunity Commission for a term expiring July 1, 2028",2023-11-08T14:15:00,289
2023/s302,cloture,"Motion to Invoke Cloture: Brandy R. McMillion to be U.S. District Judge for the Eastern District of Michigan: Brandy R. McMillion, of Michigan, to be United States District Judge for the Eastern District of Michigan",2023-11-08T15:15:00,290
2023/s303,passage,"S.J.Res. 38 (118th): A joint resolution providing for congressional disapproval under chapter 8 of title 5, United States Code, of the rule submitted by the Federal Highway Administration relating to “Waiver of Buy America Requirements for Electric Vehic",2023-11-08T17:32:00,291
2023/s304,cloture,"Motion to Invoke Cloture: Monica Ramirez Almadani to be U.S. District Judge for the Central District of California: Monica Ramirez Almadani, of California, to be United States District Judge for the Central District of California",2023-11-08T18:15:00,292
2023/s306,nomination,"On the Nomination PN813: Brandy R. McMillion, of Michigan, to be United States District Judge for the Eastern District of Michigan",2023-11-09T12:30:00,293
2023/s307,cloture,"Motion to Invoke Cloture: Ana de Alba to be U.S. Circuit Judge for the Ninth Circuit: Ana de Alba, of California, to be United States Circuit Judge for the Ninth Circuit",2023-11-09T13:52:00,294
2023/s305,nomination,"On the Nomination PN165: Monica Ramirez Almadani, of California, to be United States District Judge for the Central District of California",2023-11-09T23:30:00,295
2023/s308,nomination,"On the Nomination PN499: Ana de Alba, of California, to be United States Circuit Judge for the Ninth Circuit",2023-11-13T17:30:00,296
2023/s310,passage,"S.J.Res. 43 (118th): A joint resolution providing for congressional disapproval under chapter 8 of title 5, United States Code, of the rule submitted by the Department of Education relating to “Improving Income Driven Repayment for the William D. Ford Fe",2023-11-15T14:27:00,297
2023/s311,amendment,"S.Amdt. 1366 (Paul) to H.R. 6363: To reduce continuing funding by 15 percent, except for the Department of Defense, military construction, and the Department of Veterans Affairs and to rescind $30,000,000,000 from enforcement funds provided to the Intern",2023-11-15T22:10:00,298
2023/s312,passage,"H.R. 6363 (118th): Further Continuing Appropriations and Other Extensions Act, 2024",2023-11-15T23:00:00,299
2023/s314,cloture,"Motion to Invoke Cloture: Jeffrey M. Bryan to be U.S. District Judge for the District of Minnesota: Jeffrey M. Bryan, of Minnesota, to be United States District Judge for the District of Minnesota",2023-11-27T17:30:00,300
2023/s315,nomination,"On the Nomination PN903: Jeffrey M. Bryan, of Minnesota, to be United States District Judge for the District of Minnesota",2023-11-28T11:32:00,301
2023/s316,cloture,"Motion to Invoke Cloture: Margaret M. Garnett to be U.S. District Judge for the Southern District of New York: Margaret M. Garnett, of New York, to be United States District Judge for the Southern District of New York",2023-11-28T12:37:00,302
2023/s317,nomination,"On the Nomination PN817: Margaret M. Garnett, of New York, to be United States District Judge for the Southern District of New York",2023-11-28T14:15:00,303
2023/s318,cloture,"Motion to Invoke Cloture: Jose Javier Rodriguez to be an Assistant Secretary of Labor: Jose Javier Rodriguez, of Florida, to be an Assistant Secretary of Labor",2023-11-28T15:07:00,304
2023/s319,cloture,"Motion to Invoke Cloture: Micah W.J. Smith to be U.S. District Judge for the District of Hawaii: Micah W.J. Smith, of Hawaii, to be United States District Judge for the District of Hawaii",2023-11-29T11:37:00,305
2023/s320,nomination,"On the Nomination PN1022: Micah W.J. Smith, of Hawaii, to be United States District Judge for the District of Hawaii",2023-11-29T14:36:00,306
2023/s321,cloture,"Motion to Invoke Cloture: Jamel Semper to be U.S. District Judge for the District of New Jersey: Jamel Semper, of New Jersey, to be United States District Judge for the District of New Jersey",2023-11-29T15:23:00,307
2023/s322,nomination,"On the Nomination PN1023: Jamel Semper, of New Jersey, to be United States District Judge for the District of New Jersey",2023-11-29T17:18:00,308
2023/s323,cloture,"Motion to Invoke Cloture: Shanlyn A.S. Park to be U.S. District Judge for the District of Hawaii: Shanlyn A.S. Park, of Hawaii, to be United States District Judge for the District of Hawaii",2023-11-29T18:23:00,309
2023/s324,nomination,"On the Nomination PN1053: Shanlyn A.S. Park, of Hawaii, to be United States District Judge for the District of Hawaii",2023-11-30T11:30:00,310
2023/s325,cloture,"Motion to Invoke Cloture: Irma Carrillo Ramirez to be U.S. Circuit Judge for the Fifth Circuit: Irma Carrillo Ramirez, of Texas, to be United States Circuit Judge for the Fifth Circuit",2023-11-30T13:31:00,311
2023/s326,nomination,"On the Nomination PN500: Irma Carrillo Ramirez, of Texas, to be United States Circuit Judge for the Fifth Circuit",2023-12-04T17:24:00,312
2023/s327,cloture,"Motion to Invoke Cloture: Loren L. AliKhan to be U.S. District Judge for the District of Columbia: Loren L. AliKhan, of the District of Columbia, to be United States District Judge for the District of Columbia",2023-12-05T11:39:00,313
2023/s328,nomination,"On the Nomination PN588: Loren L. AliKhan, of the District of Columbia, to be United States District Judge for the District of Columbia",2023-12-05T14:15:00,314
2023/s329,cloture,"Motion to Invoke Cloture: Elizabeth H. Richard to be Coordinator for Counterterrorism: Elizabeth H. Richard, of Virginia, to be Coordinator for Counterterrorism, with the rank and status of Ambassador at Large",2023-12-05T17:32:00,315
2023/s330,cloture,"Motion to Invoke Cloture: Nathalie Rayes, of Massachusetts, to be Ambassador to the Republic of Croatia: Nathalie Rayes, of Massachusetts, to be Ambassador to the Republic of Croatia",2023-12-06T12:40:00,316
2023/s331,nomination,"On the Nomination PN648: Nathalie Rayes, of Massachusetts, to be Ambassador to the Republic of Croatia",2023-12-06T15:38:00,317
2023/s332,cloture,Motion to Invoke Cloture: Motion to Proceed to H.R. 815,2023-12-06T16:34:00,318
2023/s335,cloture,"Motion to Invoke Cloture: Richard E. N. Federico to be U.S. Circuit Judge for the Tenth Circuit: Richard E.N. Federico, of Kansas, to be United States Circuit Judge for the Tenth Circuit",2023-12-07T13:50:00,319
2023/s336,nomination,"On the Nomination PN904: Richard E.N. Federico, of Kansas, to be United States Circuit Judge for the Tenth Circuit",2023-12-11T17:35:00,320
2023/s337,cloture,"Motion to Invoke Cloture: Harry Coker Jr. to be National Cyber Director: Harry Coker, Jr., of Kansas, to be National Cyber Director",2023-12-12T11:47:00,321
2023/s338,nomination,"On the Nomination PN876: Harry Coker, Jr., of Kansas, to be National Cyber Director",2023-12-12T14:15:00,322
2023/s341,cloture,Motion to Invoke Cloture: Conference Report to Accompany H.R. 2670,2023-12-12T17:40:00,323
2023/s343,passage,H.R. 2670 (118th): National Defense Authorization Act for Fiscal Year 2024,2023-12-13T18:46:00,324
2023/s344,cloture,"Motion to Invoke Cloture: Jerry Edwards, Jr. to be U.S. District Judge for the Western District of Louisiana: Jerry Edwards, Jr., of Louisiana, to be United States District Judge for the Western District of Louisiana",2023-12-14T11:55:00,325
2023/s345,nomination,"On the Nomination PN769: Jerry Edwards, Jr., of Louisiana, to be United States District Judge for the Western District of Louisiana",2023-12-14T15:00:00,326
2023/s346,nomination,"On the Nomination PN771: Brandon S. Long, of Louisiana, to be United States District Judge for the Eastern District of Louisiana",2023-12-14T15:49:00,327
2023/s347,nomination,"On the Nomination PN900: Martin O'Malley, of Maryland, to be Commissioner of Social Security for the remainder of the term expiring January 19, 2025",2023-12-18T17:27:00,328
2023/s348,cloture,"Motion to Invoke Cloture: Christopher Charles Fonzone to be an Assistant Attorney General: Christopher Charles Fonzone, of Pennsylvania, to be an Assistant Attorney General",2023-12-19T14:15:00,329
2023/s349,nomination,"On the Nomination PN981: Christopher Charles Fonzone, of Pennsylvania, to be an Assistant Attorney General",2023-12-19T14:54:00,330
2023/s350,cloture,"Motion to Invoke Cloture: Sara E. Hill to be U.S. District Judge for the Northern District of Oklahoma: Sara E. Hill, of Oklahoma, to be United States District Judge for the Northern District of Oklahoma",2023-12-19T15:37:00,331
2023/s351,nomination,"On the Nomination PN1103: Sara E. Hill, of Oklahoma, to be United States District Judge for the Northern District of Oklahoma",2023-12-19T16:10:00,332
2023/s352,nomination,"On the Nomination PN36: Elizabeth H. Richard, of Virginia, to be Coordinator for Counterterrorism, with the rank and status of Ambassador at Large",2023-12-19T16:47:00,333
2024/s1,cloture,"Motion to Invoke Cloture: John A. Kazen to be U.S. District Judge for the Southern District of Texas: John A. Kazen, of Texas, to be United States District Judge for the Southern District of Texas",2024-01-08T17:27:00,334
2024/s2,nomination,"On the Nomination PN1020: John A. Kazen, of Texas, to be United States District Judge for the Southern District of Texas",2024-01-09T11:54:00,335
2024/s3,cloture,"Motion to Invoke Cloture: S. Kato Crews to be U.S. District Judge for the District of Colorado: S. Kato Crews, of Colorado, to be United States District Judge for the District of Colorado",2024-01-10T11:28:00,336
2024/s4,nomination,"On the Nomination PN376: S. Kato Crews, of Colorado, to be United States District Judge for the District of Colorado",2024-01-10T14:26:00,337
2024/s6,cloture,"Motion to Invoke Cloture: Erika L. McEntarfer to be Commissioner of Labor Statistics: Erika L. McEntarfer, of the District of Columbia, to be Commissioner of Labor Statistics, Department of Labor, for a term of four years",2024-01-11T11:46:00,338
2024/s7,nomination,"On the Nomination PN837: Erika L. McEntarfer, of the District of Columbia, to be Commissioner of Labor Statistics, Department of Labor, for a term of four years",2024-01-11T13:40:00,339
2024/s9,cloture,Motion to Invoke Cloture: Motion to Proceed to H.R. 2872,2024-01-16T20:08:00,340
2024/s10,amendment,S.Amdt. 1384 (Paul) to H.R. 2872: To limit foreign assistance to the Palestinian Authority or any other Palestinian governing entity in the West Bank and Gaza.,2024-01-18T12:30:00,341
2024/s12,passage,"H.R. 2872 (118th): Making further continuing appropriations for the fiscal year ending September 30, 2024, and for other purposes.",2024-01-18T13:54:00,342
2024/s13,cloture,"Motion to Invoke Cloture: Christopher Koos to be a Director of the Amtrak Board of Directors: Christopher Koos, of Illinois, to be a Director of the Amtrak Board of Directors for a term of five years",2024-01-22T17:32:00,343
2024/s14,nomination,"On the Nomination PN15: Christopher Koos, of Illinois, to be a Director of the Amtrak Board of Directors for a term of five years",2024-01-23T11:31:00,344
2024/s15,cloture,"Motion to Invoke Cloture: Anthony Rosario Coscia to be a Director of the Amtrak Board of Directors: Anthony Rosario Coscia, of New Jersey, to be a Director of the Amtrak Board of Directors for a term of five years",2024-01-23T12:34:00,345
2024/s16,nomination,"On the Nomination PN14: Anthony Rosario Coscia, of New Jersey, to be a Director of the Amtrak Board of Directors for a term of five years",2024-01-23T14:15:00,346
2024/s17,nomination,"On the Nomination PN13: Joel Matthew Szabat, of Maryland, to be a Director of the Amtrak Board of Directors for a term of five years",2024-01-23T14:57:00,347
2024/s18,cloture,"Motion to Invoke Cloture: Jacquelyn D. Austin to be U.S. District Judge for the District of South Carolina: Jacquelyn D. Austin, of South Carolina, to be United States District Judge for the District of South Carolina",2024-01-24T11:31:00,348
2024/s19,cloture,"Motion to Invoke Cloture: Cristal C. Brisco to be U.S. District Judge for the Northern District of Indiana: Cristal C. Brisco, of Indiana, to be United States District Judge for the Northern District of Indiana",2024-01-24T12:26:00,349
2024/s20,nomination,"On the Nomination PN1130: Jacquelyn D. Austin, of South Carolina, to be United States District Judge for the District of South Carolina",2024-01-24T13:58:00,350
2024/s21,nomination,"On the Nomination PN1242: Cristal C. Brisco, of Indiana, to be United States District Judge for the Northern District of Indiana",2024-01-24T14:59:00,351
2024/s22,nomination,"On the Nomination PN1250: Gretchen S. Lund, of Indiana, to be United States District Judge for the Northern District of Indiana",2024-01-25T11:32:00,352
2024/s23,cloture,"Motion to Invoke Cloture: Kirk Edward Sherriff to be U.S. District Judge for the Eastern District of California: Kirk Edward Sherriff, of California, to be United States District Judge for the Eastern District of California",2024-01-25T12:30:00,353
2024/s24,cloture,"Motion to Invoke Cloture: Joshua Paul Kolar to be U.S. Circuit Judge for the Seventh Circuit: Joshua Paul Kolar, of Indiana, to be United States Circuit Judge for the Seventh Circuit",2024-01-25T13:50:00,354
2024/s25,nomination,"On the Nomination PN1246: Joshua Paul Kolar, of Indiana, to be United States Circuit Judge for the Seventh Circuit",2024-01-30T17:24:00,355
2024/s26,nomination,"On the Nomination PN1255: Kirk Edward Sherriff, of California, to be United States District Judge for the Eastern District of California",2024-01-31T11:30:00,356
2024/s27,cloture,"Motion to Invoke Cloture: Karoline Mehalchick to be U.S. District Judge for the Middle District of Pennsylvania: Karoline Mehalchick, of Pennsylvania, to be United States District Judge for the Middle District of Pennsylvania",2024-01-31T12:29:00,357
2024/s28,nomination,"On the Nomination PN816: Karoline Mehalchick, of Pennsylvania, to be United States District Judge for the Middle District of Pennsylvania",2024-01-31T14:15:00,358
2024/s29,cloture,"Motion to Invoke Cloture: Joseph Goffman to be an Assistant Administrator of the Environmental Protection Agency: Joseph Goffman, of Pennsylvania, to be an Assistant Administrator of the Environmental Protection Agency",2024-01-31T14:58:00,359
2024/s30,nomination,"On the Nomination PN119: Joseph Goffman, of Pennsylvania, to be an Assistant Administrator of the Environmental Protection Agency",2024-01-31T17:23:00,360
2024/s31,cloture,"Motion to Invoke Cloture: Lisa W. Wang to be a Judge of the U.S. Court of International Trade: Lisa W. Wang, of the District of Columbia, to be a Judge of the United States Court of International Trade",2024-02-01T11:42:00,361
2024/s32,cloture,"Motion to Invoke Cloture: Joseph Albert Laroski to be a Judge of the U.S. Court of International Trade: Joseph Albert Laroski, Jr., of Maryland, to be a Judge of the United States Court of International Trade",2024-02-01T12:36:00,362
2024/s33,nomination,"On the Nomination PN1257: Lisa W. Wang, of the District of Columbia, to be a Judge of the United States Court of International Trade",2024-02-01T13:37:00,363
2024/s34,nomination,"On the Nomination PN1247: Joseph Albert Laroski, Jr., of Maryland, to be a Judge of the United States Court of International Trade",2024-02-05T17:28:00,364
2024/s35,cloture,"Motion to Invoke Cloture: Kurt Campbell to be Deputy Secretary of State: Kurt Campbell, of the District of Columbia, to be Deputy Secretary of State",2024-02-06T11:31:00,365
2024/s36,nomination,"On the Nomination PN1113: Kurt Campbell, of the District of Columbia, to be Deputy Secretary of State",2024-02-06T14:15:00,366
2024/s37,cloture,"Motion to Invoke Cloture: Amy M. Baggio to be U.S. District Judge for the District of Oregon: Amy M. Baggio, of Oregon, to be United States District Judge for the District of Oregon",2024-02-06T14:56:00,367
2024/s38,nomination,"On the Nomination PN1239: Amy M. Baggio, of Oregon, to be United States District Judge for the District of Oregon",2024-02-06T17:34:00,368
2024/s39,cloture,Motion to Invoke Cloture: Motion to Proceed to H.R. 815,2024-02-07T13:59:00,369
2024/s41,cloture,"Upon Reconsideration, Motion to Invoke Cloture on the Motion to Proceed to H.R. 815",2024-02-08T12:04:00,370
2024/s44,cloture,Motion to Invoke Cloture Re: Murray Amdt. No. 1388 to H.R. 815,2024-02-11T13:49:00,371
2024/s46,amendment,S.Amdt. 1388 (Murray) to H.R. 815: In the nature of a substitute.,2024-02-12T20:56:00,372
2024/s47,cloture,Motion to Invoke Cloture Re: H.R. 815,2024-02-12T21:22:00,373
2024/s48,passage,"H.R. 815 (118th): Making emergency supplemental appropriations for the fiscal year ending September 30, 2024, and for other purposes.",2024-02-13T05:14:00,374
2024/s49,cloture,"Motion to Invoke Cloture: Jacqueline Becerra to be U.S. District Judge for the Southern District of Florida: Jacqueline Becerra, of Florida, to be United States District Judge for the Southern District of Florida",2024-02-26T17:23:00,375
2024/s50,nomination,"On the Nomination PN1240: Jacqueline Becerra, of Florida, to be United States District Judge for the Southern District of Florida",2024-02-27T11:05:00,376
2024/s51,cloture,"Motion to Invoke Cloture: David Seymour Leibowitz to be U.S. District Judge for the Southern District of Florida: David Seymour Leibowitz, of Florida, to be United States District Judge for the Southern District of Florida",2024-02-27T12:11:00,377
2024/s52,nomination,"On the Nomination PN1249: David Seymour Leibowitz, of Florida, to be United States District Judge for the Southern District of Florida",2024-02-27T14:16:00,378
2024/s53,cloture,"Motion to Invoke Cloture: Hampton Y. Dellinger to be Special Counsel, Office of Special Counsel: Hampton Y. Dellinger, of North Carolina, to be Special Counsel, Office of Special Counsel, for the term of five years",2024-02-27T15:02:00,379
2024/s54,nomination,"On the Nomination PN1233: Hampton Y. Dellinger, of North Carolina, to be Special Counsel, Office of Special Counsel, for the term of five years",2024-02-27T18:05:00,380
2024/s55,cloture,"Motion to Invoke Cloture: Julie Simone Sneed to be U.S. District Judge for the Middle District of Florida: Julie Simone Sneed, of Florida, to be United States District Judge for the Middle District of Florida",2024-02-28T11:28:00,381
2024/s56,nomination,"On the Nomination PN1256: Julie Simone Sneed, of Florida, to be United States District Judge for the Middle District of Florida",2024-02-28T14:17:00,382
2024/s57,cloture,"Motion to Invoke Cloture: Melissa Damian to be U.S. District Judge for the Southern District of Florida: Melissa Damian, of Florida, to be United States District Judge for the Southern District of Florida",2024-02-28T15:05:00,383
2024/s58,nomination,"On the Nomination PN1243: Melissa Damian, of Florida, to be United States District Judge for the Southern District of Florida",2024-02-28T17:33:00,384
2024/s59,cloture,"Motion to Invoke Cloture: Marjorie A. Rollinson to be Chief Counsel for the Internal Revenue Service and an Assistant General Counsel in the Department of the Treasury: Marjorie A. Rollinson, of Virginia, to be Chief Counsel for the Internal Revenue Service and an Assistant General Counsel in the Department of the Treasury",2024-02-28T18:29:00,385
2024/s60,nomination,"On the Nomination PN1217: Marjorie A. Rollinson, of Virginia, to be Chief Counsel for the Internal Revenue Service and an Assistant General Counsel in the Department of the Treasury",2024-02-29T11:39:00,386
2024/s63,amendment,S.Amdt. 1614 (Paul) to H.R. 7463: To establish prohibitions relating to the purchase or sale of State or municipal securities.,2024-02-29T18:24:00,387
2024/s67,passage,"H.R. 7463 (118th): Extension of Continuing Appropriations and Other Matters Act, 2024",2024-02-29T19:47:00,388
2024/s68,cloture,"Motion to Invoke Cloture: Ronald T. Keohane to be an Assistant Secretary of Defense: Ronald T. Keohane, of New York, to be an Assistant Secretary of Defense",2024-03-05T17:32:00,389
2024/s69,nomination,"On the Nomination PN1213: Ronald T. Keohane, of New York, to be an Assistant Secretary of Defense",2024-03-06T11:31:00,390
2024/s70,cloture,"Motion to Invoke Cloture: Moshe Z. Marvit to be a Member of the Federal Mine Safety and Health Review Commission: Moshe Z. Marvit, of Pennsylvania, to be a Member of the Federal Mine Safety and Health Review Commission for a term of six years expiring August 30, 2028",2024-03-06T12:32:00,391
2024/s71,nomination,"On the Nomination PN1348: Moshe Z. Marvit, of Pennsylvania, to be a Member of the Federal Mine Safety and Health Review Commission for a term of six years expiring August 30, 2028",2024-03-06T14:35:00,392
2024/s72,cloture,"Motion to Invoke Cloture: Cathy Ann Harris to be Chairman of the Merit Systems Protection Board: Cathy Ann Harris, of Maryland, to be Chairman of the Merit Systems Protection Board",2024-03-06T15:27:00,393
2024/s73,nomination,"On the Nomination PN1234: Cathy Ann Harris, of Maryland, to be Chairman of the Merit Systems Protection Board",2024-03-06T17:59:00,394
2024/s74,cloture,"Motion to Invoke Cloture: Adrienne Jennings Noti to be an Associate Judge of the Superior Court of the District of Columbia: Adrienne Jennings Noti, of the District of Columbia, to be an Associate Judge of the Superior Court of the District of Columbia for the term of fifteen years",2024-03-07T11:47:00,395
2024/s75,passage,S. 3853 (118th): Radiation Exposure Compensation Reauthorization Act,2024-03-07T14:23:00,396
2024/s76,nomination,"On the Nomination PN1349: Adrienne Jennings Noti, of the District of Columbia, to be an Associate Judge of the Superior Court of the District of Columbia for the term of fifteen years",2024-03-07T15:20:00,397
2024/s79,cloture,Motion to Invoke Cloture on the Motion to Concur in the House Amendment to the Senate Amendment to H.R. 4366,2024-03-08T12:55:00,398
2024/s85,cloture,"Motion to Invoke Cloture: Jasmine Hyejung Yoon to be U.S. District Judge for the Western District of Virginia: Jasmine Hyejung Yoon, of Virginia, to be United States District Judge for the Western District of Virginia",2024-03-11T17:29:00,399
2024/s86,nomination,"On the Nomination PN1406: Jasmine Hyejung Yoon, of Virginia, to be United States District Judge for the Western District of Virginia",2024-03-12T11:31:00,400
2024/s87,cloture,"Motion to Invoke Cloture: Sunil R. Harjani to be U.S. District Judge for the Northern District of Illinois: Sunil R. Harjani, of Illinois, to be United States District Judge for the Northern District of Illinois",2024-03-12T12:40:00,401
2024/s88,nomination,"On the Nomination PN1404: Sunil R. Harjani, of Illinois, to be United States District Judge for the Northern District of Illinois",2024-03-12T14:15:00,402
2024/s89,cloture,"Motion to Invoke Cloture: Melissa R. DuBose to be U.S. District Judge for the District of Rhode Island: Melissa R. DuBose, of Rhode Island, to be United States District Judge for the District of Rhode Island",2024-03-12T15:10:00,403
2024/s90,nomination,"On the Nomination PN1403: Melissa R. DuBose, of Rhode Island, to be United States District Judge for the District of Rhode Island",2024-03-12T17:28:00,404
2024/s91,nomination,"On the Nomination PN738: Sean Patrick Maloney, of New York, to be Representative of the United States of America to the Organization for Economic Cooperation and Development, with the rank of Ambassador",2024-03-12T18:29:00,405
2024/s92,nomination,"On the Nomination PN675: Dennis B. Hankins, of Minnesota, to be Ambassador to the Republic of Haiti",2024-03-14T11:58:00,406
2024/s93,cloture,"Motion to Invoke Cloture: Nicole G. Berner to be U.S. Circuit Judge for the Fourth Circuit: Nicole G. Berner, of Maryland, to be United States Circuit Judge for the Fourth Circuit",2024-03-14T13:56:00,407
2024/s94,nomination,"On the Nomination PN1241: Nicole G. Berner, of Maryland, to be United States Circuit Judge for the Fourth Circuit",2024-03-19T17:39:00,408
2024/s95,cloture,"Motion to Invoke Cloture: Edward Sunyol Kiel, of N.J., to be U.S. District Judge for the District of New Jersey: Edward Sunyol Kiel, of New Jersey, to be United States District Judge for the District of New Jersey",2024-03-20T12:07:00,409
2024/s96,nomination,"On the Nomination PN1245: Edward Sunyol Kiel, of New Jersey, to be United States District Judge for the District of New Jersey",2024-03-20T14:15:00,410
2024/s97,cloture,"Motion to Invoke Cloture: Eumi K. Lee to be U.S. District Judge for the Northern District of California: Eumi K. Lee, of California, to be United States District Judge for the Northern District of California",2024-03-20T14:59:00,411
2024/s98,nomination,"On the Nomination PN1248: Eumi K. Lee, of California, to be United States District Judge for the Northern District of California",2024-03-20T17:19:00,412
2024/s99,cloture,"Upon Reconsideration, Motion to Invoke Cloture: Jose Javier Rodriguez to be an Assistant Secretary of Labor: Jose Javier Rodriguez, of Florida, to be an Assistant Secretary of Labor",2024-03-21T11:40:00,413
2024/s100,nomination,"On the Nomination PN157: Jose Javier Rodriguez, of Florida, to be an Assistant Secretary of Labor",2024-03-21T13:59:00,414
2024/s101,passage,"S.J.Res. 62 (118th): A joint resolution providing for congressional disapproval under chapter 8 of title 5, United States Code, of the rule submitted by the Animal and Plant Health Inspection Service relating to “Importation of Fresh Beef From Paraguay”.",2024-03-21T14:55:00,415
2024/s102,nomination,"On the Nomination PN1427: Ernest Gonzalez, of Texas, to be United States District Judge for the Western District of Texas",2024-03-22T11:50:00,416
2024/s104,nomination,"On the Nomination PN1428: Leon Schydlower, of Texas, to be United States District Judge for the Western District of Texas",2024-03-22T18:16:00,417
2024/s105,passage,"H.R. 2882 (118th): Further Consolidated Appropriations Act, 2024",2024-03-22T23:56:00,418
2024/s109,passage,"H.R. 2882 (118th): Further Consolidated Appropriations Act, 2024",2024-03-23T01:02:00,419
2024/s114,passage,"H.R. 2882 (118th): Further Consolidated Appropriations Act, 2024",2024-03-23T01:51:00,420
2024/s115,cloture,"Motion to Invoke Cloture: Susan M. Bazis to be U.S. District Judge for the District of Nebraska: Susan M. Bazis, of Nebraska, to be United States District Judge for the District of Nebraska",2024-04-08T17:24:00,421
2024/s116,nomination,"On the Nomination PN1291: Susan M. Bazis, of Nebraska, to be United States District Judge for the District of Nebraska",2024-04-09T11:32:00,422
2024/s117,cloture,"Motion to Invoke Cloture: Robert J. White to be U.S. District Judge for the Eastern District of Michigan: Robert J. White, of Michigan, to be United States District Judge for the Eastern District of Michigan",2024-04-09T12:32:00,423
2024/s118,nomination,"On the Nomination PN1405: Robert J. White, of Michigan, to be United States District Judge for the Eastern District of Michigan",2024-04-09T15:20:00,424
2024/s119,cloture,"Motion to Invoke Cloture: Ann Marie McIff Allen to be U.S. District Judge for the District of Utah: Ann Marie McIff Allen, of Utah, to be United States District Judge for the District of Utah",2024-04-09T16:27:00,425
2024/s120,nomination,"On the Nomination PN1290: Ann Marie McIff Allen, of Utah, to be United States District Judge for the District of Utah",2024-04-10T12:05:00,426
2024/s121,passage,"S.J.Res. 61 (118th): A joint resolution providing for congressional disapproval under chapter 8 of title 5, United States Code, of the rule submitted by the Federal Highway Administration relating to “National Performance Management Measures; Assessing P",2024-04-10T15:04:00,427
2024/s122,passage,"H.J.Res. 98 (118th): Providing for congressional disapproval under chapter 8 of title 5, United States Code, of the rule submitted by the National Labor Relations Board relating to “Standard for Determining Joint Employer Status”.",2024-04-10T17:25:00,428
2024/s126,cloture,"Motion to Invoke Cloture: Ramona Villagomez Manglona to be Judge for the District Court for the Northern Mariana Islands: Ramona Villagomez Manglona, of the Northern Mariana Islands, to be Judge for the District Court for the Northern Mariana Islands for a term of ten years",2024-04-15T19:03:00,429
2024/s127,nomination,"On the Nomination PN1252: Ramona Villagomez Manglona, of the Northern Mariana Islands, to be Judge for the District Court for the Northern Mariana Islands for a term of ten years",2024-04-16T11:31:00,430
2024/s141,cloture,Motion to Invoke Cloture: Motion to Proceed to H.R. 7888,2024-04-18T13:02:00,431
2024/s142,passage,"S. 4072 (118th): A bill to prohibit the use of funds to implement, administer, or enforce certain rules of the Environmental Protection Agency.",2024-04-18T14:52:00,432
2024/s144,amendment,S.Amdt. 1829 (Paul) to H.R. 7888: To append the Fourth Amendment Is Not For Sale Act.,2024-04-19T21:36:00,433
2024/s145,amendment,S.Amdt. 1834 (Marshall) to H.R. 7888: To strike the prohibition on political appointees being involved in the approval of queries by the Federal Bureau of Investigation.,2024-04-19T22:07:00,434
2024/s146,amendment,"S.Amdt. 1820 (Wyden) to H.R. 7888: To strike section 25, relating to definition of electronic communication service provider.",2024-04-19T22:27:00,435
2024/s147,amendment,"S.Amdt. 1828 (Paul) to H.R. 7888: To prohibit the use of authorities under the Foreign Intelligence Surveillance Act of 1978 to surveil United States persons, to prohibit queries under such Act using search terms associated with United States persons, an",2024-04-19T22:48:00,436
2024/s148,amendment,S.Amdt. 1841 (Durbin) to H.R. 7888: To prohibit warrantless access to the communications and other information of United States persons.,2024-04-19T23:03:00,437
2024/s149,amendment,S.Amdt. 1840 (Lee) to H.R. 7888: To appropriately address the use of amici curiae in Foreign Intelligence Surveillance Court proceedings and to require adequate disclosure of relevant information in Foreign Intelligence Surveillance Act of 1978 applicati,2024-04-19T23:23:00,438
2024/s150,passage,H.R. 7888 (118th): Reforming Intelligence and Securing America Act,2024-04-19T23:45:00,439
2024/s152,cloture,Motion to Invoke Cloture: Motion to Concur in the House Amdt to the Senate Amdt to H.R. 815,2024-04-23T14:17:00,440
2024/s154,passage,"H.R. 815 (118th): Making emergency supplemental appropriations for the fiscal year ending September 30, 2024, and for other purposes.",2024-04-23T21:10:00,441
2024/s155,cloture,"Motion to Invoke Cloture: Georgia N. Alexakis to be U.S. District Judge for the Northern District of Illinois: Georgia N. Alexakis, of Illinois, to be United States District Judge for the Northern District of Illinois",2024-04-30T17:31:00,442
2024/s156,nomination,"On the Nomination PN1458: Georgia N. Alexakis, of Illinois, to be United States District Judge for the Northern District of Illinois",2024-05-01T12:10:00,443
2024/s157,cloture,Motion to Invoke Cloture: Motion to Proceed to H.R. 3935,2024-05-01T15:00:00,444
2024/s159,nomination,"On the Nomination PN35: Donna Ann Welton, of New York, to be Ambassador to the Democratic Republic of Timor-Leste",2024-05-07T17:33:00,445
2024/s161,cloture,Motion to Invoke Cloture: Cantwell Amdt No. 1911 as Modified to H.R. 3935,2024-05-09T13:02:00,446
2024/s162,passage,H.R. 3935 (118th): FAA Reauthorization Act of 2024,2024-05-09T18:00:00,447
2024/s163,cloture,"Motion to Invoke Cloture: Courtney Diesel O'Donnell to be U.S. Permanent Representative to the United Nations Educational, Scientific, and Cultural Organization: Courtney Diesel O'Donnell, of California, to be United States Permanent Representative to the United Nations Educational, Scientific, and Cultural Organization, with the rank of Ambassador",2024-05-14T17:31:00,448
2024/s164,nomination,"On the Nomination PN927: Courtney Diesel O'Donnell, of California, to be United States Permanent Representative to the United Nations Educational, Scientific, and Cultural Organization, with the rank of Ambassador",2024-05-15T11:31:00,449
2024/s165,cloture,"Motion to Invoke Cloture: Sanket Jayshukh Bulsara to be U.S. District Judge for the Eastern District of New York: Sanket Jayshukh Bulsara, of New York, to be United States District Judge for the Eastern District of New York",2024-05-15T12:37:00,450
2024/s166,nomination,"On the Nomination PN1433: Sanket Jayshukh Bulsara, of New York, to be United States District Judge for the Eastern District of New York",2024-05-15T14:15:00,451
2024/s167,nomination,"On the Nomination PN1436: Eric C. Schulte, of South Dakota, to be United States District Judge for the District of South Dakota",2024-05-15T15:13:00,452
2024/s168,passage,"S.J.Res. 57 (118th): A joint resolution providing for congressional disapproval under chapter 8 of title 5, United States Code, of the rule submitted by the Department of the Treasury relating to “Coronavirus State and Local Fiscal Recovery Funds”.",2024-05-15T17:53:00,453
2024/s169,passage,"H.J.Res. 109 (118th): Providing for congressional disapproval under chapter 8 of title 5, United States Code, of the rule submitted by the Securities and Exchange Commission relating to “Staff Accounting Bulletin No. 121”.",2024-05-16T11:31:00,454
2024/s170,nomination,"On the Nomination PN1437: Camela C. Theeler, of South Dakota, to be United States District Judge for the District of South Dakota",2024-05-16T12:40:00,455
2024/s171,cloture,"Motion to Invoke Cloture: Seth Robert Aframe to be U.S. Circuit Judge for the First Circuit: Seth Robert Aframe, of New Hampshire, to be United States Circuit Judge for the First Circuit",2024-05-16T13:49:00,456
2024/s172,nomination,"On the Nomination PN1238: Seth Robert Aframe, of New Hampshire, to be United States Circuit Judge for the First Circuit",2024-05-20T17:41:00,457
2024/s173,cloture,"Motion to Invoke Cloture: Krissa M. Lanham to be United States District Judge for the District of Arizona.: Krissa M. Lanham, of Arizona, to be United States District Judge for the District of Arizona",2024-05-21T11:29:00,458
2024/s174,nomination,"On the Nomination PN1460: Krissa M. Lanham, of Arizona, to be United States District Judge for the District of Arizona",2024-05-21T14:15:00,459
2024/s175,cloture,"Motion to Invoke Cloture: Angela M. Martinez to be U.S. District Judge for the District of Arizona: Angela M. Martinez, of Arizona, to be United States District Judge for the District of Arizona",2024-05-21T15:12:00,460
2024/s176,passage,"S.J.Res. 58 (118th): A joint resolution providing for congressional disapproval under chapter 8 of title 5, United States Code, of the rule submitted by the Department of Energy relating to “Energy Conservation Program: Energy Conservation Standards for ",2024-05-21T18:00:00,461
2024/s177,nomination,"On the Nomination PN1462: Angela M. Martinez, of Arizona, to be United States District Judge for the District of Arizona",2024-05-22T11:34:00,462
2024/s178,cloture,"Motion to Invoke Cloture: Dena M. Coggins to be U.S. District Judge for the Eastern District of California: Dena M. Coggins, of California, to be United States District Judge for the Eastern District of California",2024-05-22T12:36:00,463
2024/s179,nomination,"On the Nomination PN1434: Dena M. Coggins, of California, to be United States District Judge for the Eastern District of California",2024-05-22T15:37:00,464
2024/s180,cloture,"Motion to Invoke Cloture: Melissa Griffin Dalton to be Under Secretary of the Air Force: Melissa Griffin Dalton, of Virginia, to be Under Secretary of the Air Force",2024-05-22T16:39:00,465
2024/s181,nomination,"On the Nomination PN1212: Melissa Griffin Dalton, of Virginia, to be Under Secretary of the Air Force",2024-05-23T11:01:00,466
2024/s182,cloture,Motion to Invoke Cloture: Motion to Proceed to S. 4361,2024-05-23T14:06:00,467
2024/s183,cloture,"Motion to Invoke Cloture: Christopher T. Hanson to be a Member of the Nuclear Regulatory Commission: Christopher T. Hanson, of Michigan, to be a Member of the Nuclear Regulatory Commission for the term of five years expiring June 30, 2029",2024-06-03T17:32:00,468
2024/s184,nomination,"On the Nomination PN1569: Christopher T. Hanson, of Michigan, to be a Member of the Nuclear Regulatory Commission for the term of five years expiring June 30, 2029",2024-06-04T11:29:00,469
2024/s185,cloture,"Motion to Invoke Cloture: Tanya Monique Jones Bosier to be an Associate Judge of the Superior Court of the District of Columbia: Tanya Monique Jones Bosier, of the District of Columbia, to be an Associate Judge of the Superior Court of the District of Columbia for the term of fifteen years",2024-06-04T12:45:00,470
2024/s186,nomination,"On the Nomination PN1350: Tanya Monique Jones Bosier, of the District of Columbia, to be an Associate Judge of the Superior Court of the District of Columbia for the term of fifteen years",2024-06-04T14:15:00,471
2024/s187,cloture,"Motion to Invoke Cloture: Judith E. Pipe to be an Associate Judge of the Superior Court of the District of Columbia: Judith E. Pipe, of the District of Columbia, to be an Associate Judge of the Superior Court of the District of Columbia for the term of fifteen years",2024-06-04T15:09:00,472
2024/s188,nomination,"On the Nomination PN1354: Judith E. Pipe, of the District of Columbia, to be an Associate Judge of the Superior Court of the District of Columbia for the term of fifteen years",2024-06-05T12:05:00,473
2024/s189,cloture,"Motion to Invoke Cloture: Stephanie Sanders Sullivan to be Representative of the United States of America to the African Union: Stephanie Sanders Sullivan, of Maryland, to be Representative of the United States of America to the African Union, with the rank and status of Ambassador",2024-06-05T12:58:00,474
2024/s190,cloture,Motion to Invoke Cloture: Motion to Proceed to S. 4381,2024-06-05T15:33:00,475
2024/s191,cloture,"Motion to Invoke Cloture: David Rosner to be a Member of the Federal Energy Regulatory Commission: David Rosner, of Massachusetts, to be a Member of the Federal Energy Regulatory Commission for a term expiring June 30, 2027",2024-06-11T17:28:00,476
2024/s192,nomination,"On the Nomination PN1470: David Rosner, of Massachusetts, to be a Member of the Federal Energy Regulatory Commission for a term expiring June 30, 2027",2024-06-12T11:38:00,477
2024/s193,cloture,"Motion to Invoke Cloture: Lindsay S. See to be a Member of the Federal Energy Regulatory Commission: Lindsay S. See, of West Virginia, to be a Member of the Federal Energy Regulatory Commission for a term expiring June 30, 2028",2024-06-12T12:40:00,478
2024/s194,nomination,"On the Nomination PN1471: Lindsay S. See, of West Virginia, to be a Member of the Federal Energy Regulatory Commission for a term expiring June 30, 2028",2024-06-12T14:15:00,479
2024/s195,cloture,"Motion to Invoke Cloture: Judy W. Chang to be a Member of the Federal Energy Regulatory Commission: Judy W. Chang, of Massachusetts, to be a Member of the Federal Energy Regulatory Commission for a term expiring June 30, 2029",2024-06-12T15:10:00,480
2024/s196,nomination,"On the Nomination PN1469: Judy W. Chang, of Massachusetts, to be a Member of the Federal Energy Regulatory Commission for a term expiring June 30, 2029",2024-06-13T11:30:00,481
2024/s197,cloture,Motion to Invoke Cloture: Motion to Proceed to S. 4445,2024-06-13T13:54:00,482
2024/s198,cloture,"Motion to Invoke Cloture: Katherine E. Oler to be an Associate Judge of the Superior Court of the District of Columbia for the Term of 15 Years: Katherine E. Oler, of the District of Columbia, to be an Associate Judge of the Superior Court of the District of Columbia for the term of fifteen years",2024-06-17T17:31:00,483
2024/s199,nomination,"On the Nomination PN1353: Katherine E. Oler, of the District of Columbia, to be an Associate Judge of the Superior Court of the District of Columbia for the term of fifteen years",2024-06-18T11:43:00,484
2024/s200,passage,"S. 870 (118th): An act to authorize appropriations for the United States Fire Administration and firefighter assistance grant programs, to advance the benefits of nuclear energy, and for other purposes.",2024-06-18T17:47:00,485
2024/s201,nomination,"On the Nomination PN1343: Stephanie Sanders Sullivan, of Maryland, to be Representative of the United States of America to the African Union, with the rank and status of Ambassador",2024-06-20T11:37:00,486
2024/s202,cloture,"Motion to Invoke Cloture: Nancy L. Maldonado to be U.S. Circuit Judge for the Seventh Circuit: Nancy L. Maldonado, of Illinois, to be United States Circuit Judge for the Seventh Circuit",2024-06-20T13:40:00,487
2024/s203,nomination,"On the Nomination PN1461: Nancy L. Maldonado, of Illinois, to be United States Circuit Judge for the Seventh Circuit",2024-07-08T17:29:00,488
2024/s204,cloture,"Motion to Invoke Cloture: Patricia L. Lee to be a Member of the Defense Nuclear Facilities Safety Board: Patricia L. Lee, of South Carolina, to be a Member of the Defense Nuclear Facilities Safety Board for a term expiring October 18, 2027",2024-07-09T12:11:00,489
2024/s205,nomination,"On the Nomination PN830: Patricia L. Lee, of South Carolina, to be a Member of the Defense Nuclear Facilities Safety Board for a term expiring October 18, 2027",2024-07-09T14:15:00,490
2024/s206,cloture,"Motion to Invoke Cloture: Robin Michelle Meriweather to be a Judge of the U.S. Court of Federal Claims: Robin Michelle Meriweather, of Virginia, to be a Judge of the United States Court of Federal Claims for a term of fifteen years",2024-07-09T15:16:00,491
2024/s207,cloture,"Motion to Invoke Cloture: Charles J. Willoughby, Jr. to be an Associate Judge of the Superior Court of the District of Columbia: Charles J. Willoughby, Jr., of the District of Columbia, to be an Associate Judge of the Superior Court of the District of Columbia for the term of fifteen years, William M. Jackson, retired",2024-07-09T17:24:00,492
2024/s208,nomination,"On the Nomination PN1355: Charles J. Willoughby, Jr., of the District of Columbia, to be an Associate Judge of the Superior Court of the District of Columbia for the term of fifteen years, William M. Jackson, retired",2024-07-10T11:45:00,493
2024/s209,cloture,"Motion to Invoke Cloture: Anne Marie Wagner to be a Member of the Federal Labor Relations Authority: Anne Marie Wagner, of Virginia, to be a Member of the Federal Labor Relations Authority for a term of five years expiring July 1, 2029",2024-07-10T12:59:00,494
2024/s210,nomination,"On the Nomination PN1357: Anne Marie Wagner, of Virginia, to be a Member of the Federal Labor Relations Authority for a term of five years expiring July 1, 2029",2024-07-10T14:42:00,495
2024/s211,cloture,Motion to Invoke Cloture: Motion to Proceed to S. 4554,2024-07-10T16:29:00,496
2024/s213,nomination,"On the Nomination PN1293: Robin Michelle Meriweather, of Virginia, to be a Judge of the United States Court of Federal Claims for a term of fifteen years",2024-07-11T13:22:00,497
2024/s214,nomination,"On the Nomination PN1236: Colleen Duffy Kiko, of North Dakota, to be a Member of the Federal Labor Relations Authority for a term of five years expiring July 29, 2027",2024-07-23T17:43:00,498
2024/s215,cloture,"Motion to Invoke Cloture: Kashi Way to be a Judge of the United States Tax Court: Kashi Way, of Maryland, to be a Judge of the United States Tax Court for a term of fifteen years",2024-07-24T15:09:00,499
2024/s216,cloture,"Motion to Invoke Cloture: Adam B. Landy to be a Judge of the United States Tax Court: Adam B. Landy, of South Carolina, to be a Judge of the United States Tax Court for a term of fifteen years",2024-07-24T17:08:00,500
2024/s217,cloture,"Motion to Invoke Cloture: Margaret L. Taylor to be Legal Adviser of the Department of State: Margaret L. Taylor, of Maryland, to be Legal Adviser of the Department of State",2024-07-24T18:09:00,501
2024/s218,nomination,"On the Nomination PN1400: Kashi Way, of Maryland, to be a Judge of the United States Tax Court for a term of fifteen years",2024-07-25T11:43:00,502
2024/s219,cloture,Motion to Invoke Cloture on the Motion to Concur in the House Amendment to S. 2073 with an Amendment,2024-07-25T14:22:00,503
2024/s220,nomination,"On the Nomination PN1401: Adam B. Landy, of South Carolina, to be a Judge of the United States Tax Court for a term of fifteen years",2024-07-29T17:30:00,504
2024/s221,passage,S. 2073 (118th): Kids Online Safety and Privacy Act,2024-07-30T11:47:00,505
2024/s222,cloture,"Motion to Invoke Cloture: Stacey D. Neumann to be U.S. District Judge for the District of Maine: Stacey D. Neumann, of Maine, to be United States District Judge for the District of Maine",2024-07-30T14:22:00,506
2024/s223,nomination,"On the Nomination PN1654: Stacey D. Neumann, of Maine, to be United States District Judge for the District of Maine",2024-07-30T16:31:00,507
2024/s224,cloture,"Motion to Invoke Cloture: Meredith A. Vacca to be U.S. District Judge for the Western District of New York: Meredith A. Vacca, of New York, to be United States District Judge for the Western District of New York",2024-07-31T11:36:00,508
2024/s225,nomination,"On the Nomination PN1751: Meredith A. Vacca, of New York, to be United States District Judge for the Western District of New York",2024-07-31T14:41:00,509
2024/s226,cloture,"Motion to Invoke Cloture: Joseph Francis Saporito, Jr. to be U.S. District Judge for the Middle District of Pennsylvania: Joseph Francis Saporito, Jr., of Pennsylvania, to be United States District Judge for the Middle District of Pennsylvania",2024-07-31T15:42:00,510
2024/s227,nomination,"On the Nomination PN1750: Joseph Francis Saporito, Jr., of Pennsylvania, to be United States District Judge for the Middle District of Pennsylvania",2024-07-31T17:37:00,511
2024/s228,cloture,"Motion to Invoke Cloture: Dorothy Camille Shea to be Deputy Representative of the U.S.A. to the United Nations: Dorothy Camille Shea, of North Carolina, to be Deputy Representative of the United States of America to the United Nations, with the rank and status of Ambassador and the Deputy Representative of the United States of America in the Security Council of the United Nations",2024-07-31T18:40:00,512
2024/s229,nomination,"On the Nomination PN1223: Dorothy Camille Shea, of North Carolina, to be Deputy Representative of the United States of America to the United Nations, with the rank and status of Ambassador and the Deputy Representative of the United States of America in the Security Council of the United Nations",2024-08-01T11:38:00,513
2024/s230,cloture,Motion to Invoke Cloture on the Motion to Proceed to H.R. 7024,2024-08-01T13:49:00,514
2024/s231,cloture,"Motion to Invoke Cloture: Adam B. Abelson to be U.S. District Judge for the District of Maryland.: Adam B. Abelson, of Maryland, to be United States District Judge for the District of Maryland",2024-09-09T17:32:00,515
2024/s232,nomination,"On the Nomination PN1748: Adam B. Abelson, of Maryland, to be United States District Judge for the District of Maryland",2024-09-10T11:32:00,516
2024/s233,cloture,"Motion to Invoke Cloture: Jeannette A. Vargas to be United States District Judge for the Southern District of New York: Jeannette A. Vargas, of New York, to be United States District Judge for the Southern District of New York",2024-09-10T12:36:00,517
2024/s234,nomination,"On the Nomination PN1576: Jeannette A. Vargas, of New York, to be United States District Judge for the Southern District of New York",2024-09-10T14:15:00,518
2024/s235,cloture,"Motion to Invoke Cloture: Mary Kay Lanthier to be U.S. District Judge for the District of Vermont.: Mary Kay Lanthier, of Vermont, to be United States District Judge for the District of Vermont",2024-09-11T14:19:00,519
2024/s236,nomination,"On the Nomination PN1807: Mary Kay Lanthier, of Vermont, to be United States District Judge for the District of Vermont",2024-09-11T17:00:00,520
2024/s237,cloture,"Motion to Invoke Cloture: Laura Margarete Provinzino to be U.S. District Judge for the District of Minnesota: Laura Margarete Provinzino, of Minnesota, to be United States District Judge for the District of Minnesota",2024-09-11T18:09:00,521
2024/s238,nomination,"On the Nomination PN1826: Laura Margarete Provinzino, of Minnesota, to be United States District Judge for the District of Minnesota",2024-09-12T11:31:00,522
2024/s239,cloture,"Motion to Invoke Cloture: Kevin Gafford Ritz to be U.S. Circuit Judge for the Sixth Circuit.: Kevin Gafford Ritz, of Tennessee, to be United States Circuit Judge for the Sixth Circuit",2024-09-12T13:40:00,523
2024/s240,nomination,"On the Nomination PN1574: Kevin Gafford Ritz, of Tennessee, to be United States Circuit Judge for the Sixth Circuit",2024-09-16T17:29:00,524
2024/s241,cloture,"Motion to Invoke Cloture: Mary Kathleen Costello to be U.S. District Judge for the Eastern District of Pennsylvania: Mary Kathleen Costello, of Pennsylvania, to be United States District Judge for the Eastern District of Pennsylvania",2024-09-17T11:34:00,525
2024/s242,cloture,"Motion to Invoke Cloture: Motion to Proceed to S. 4445, Upon Reconsideration",2024-09-17T14:47:00,526
2024/s243,nomination,"On the Nomination PN1825: Mary Kathleen Costello, of Pennsylvania, to be United States District Judge for the Eastern District of Pennsylvania",2024-09-17T17:34:00,527
2024/s244,cloture,"Motion to Invoke Cloture: Michelle Williams Court to be U.S. District Judge for the Central District of California: Michelle Williams Court, of California, to be United States District Judge for the Central District of California",2024-09-18T11:55:00,528
2024/s245,nomination,"On the Nomination PN1649: Michelle Williams Court, of California, to be United States District Judge for the Central District of California",2024-09-18T14:41:00,529
2024/s246,nomination,"On the Nomination PN1344: Margaret L. Taylor, of Maryland, to be Legal Adviser of the Department of State",2024-09-18T15:36:00,530
2024/s247,amendment,S.Amdt. 3289 (Paul) to H.R. 9468: To rescind funds from the Department of Energy loan programs office.,2024-09-19T11:51:00,531
2024/s248,cloture,"Motion to Invoke Cloture: Rose E. Jenkins to be a Judge of the U.S. Tax Court
: Rose E. Jenkins, of the District of Columbia, to be a Judge of the United States Tax Court for a term of fifteen years",2024-09-19T13:41:00,532
2024/s249,nomination,"On the Nomination PN1399: Rose E. Jenkins, of the District of Columbia, to be a Judge of the United States Tax Court for a term of fifteen years",2024-09-23T17:29:00,533
2024/s250,cloture,"Motion to Invoke Cloture: Michael Sfraga to be Ambassador at Large for Arctic Affairs.: Michael Sfraga, of Alaska, to be Ambassador at Large for Arctic Affairs",2024-09-24T12:05:00,534
2024/s251,nomination,"On the Nomination PN1342: Michael Sfraga, of Alaska, to be Ambassador at Large for Arctic Affairs",2024-09-24T14:15:00,535
2024/s253,cloture,"Motion to Invoke Cloture: Byron B. Conway to be U.S. District Judge for the Eastern District of Wisconsin.: Byron B. Conway, of Wisconsin, to be United States District Judge for the Eastern District of Wisconsin",2024-09-25T13:11:00,536
2024/s254,nomination,"On the Nomination PN1902: Byron B. Conway, of Wisconsin, to be United States District Judge for the Eastern District of Wisconsin",2024-09-25T15:39:00,537
2024/s255,passage,"H.R. 9747 (118th): Continuing Appropriations and Extensions Act, 2025",2024-09-25T17:18:00,538
2024/s256,nomination,"On the Nomination PN1960: April M. Perry, of Illinois, to be United States District Judge for the Northern District of Illinois",2024-11-12T17:31:00,539
2024/s257,cloture,"Motion to Invoke Cloture: Jonathan E. Hawley to be U.S. District Judge for the Central District of Illinois.: Jonathan E. Hawley, of Illinois, to be United States District Judge for the Central District of Illinois",2024-11-13T12:33:00,540
2024/s258,nomination,"On the Nomination PN1903: Jonathan E. Hawley, of Illinois, to be United States District Judge for the Central District of Illinois",2024-11-13T14:20:00,541
2024/s259,cloture,"Motion to Invoke Cloture: David Huitema to be Director of the Office of Government Ethics.: David Huitema, of Maryland, to be Director of the Office of Government Ethics for a term of five years",2024-11-13T15:14:00,542
2024/s260,cloture,"Motion to Invoke Cloture: Cathy Fung to be a Judge of the U.S. Tax Court: Cathy Fung, of California, to be a Judge of the United States Tax Court for a term of fifteen years",2024-11-13T17:18:00,543
2024/s261,nomination,"On the Nomination PN1744: Cathy Fung, of California, to be a Judge of the United States Tax Court for a term of fifteen years",2024-11-14T11:38:00,544
2024/s262,nomination,"On the Nomination PN923: David Huitema, of Maryland, to be Director of the Office of Government Ethics for a term of five years",2024-11-14T12:43:00,545
2024/s263,cloture,"Motion to Invoke Cloture: Embry J. Kidd to be U.S. Circuit Judge for the Eleventh Circuit.: Embry J. Kidd, of Florida, to be United States Circuit Judge for the Eleventh Circuit",2024-11-14T13:41:00,546
2024/s264,nomination,"On the Nomination PN1749: Embry J. Kidd, of Florida, to be United States Circuit Judge for the Eleventh Circuit",2024-11-18T17:27:00,547
2024/s284,cloture,"Motion to Invoke Cloture: Mustafa Taher Kasubhai to be U.S. District Judge for the District of Oregon: Mustafa Taher Kasubhai, of Oregon, to be United States District Judge for the District of Oregon",2024-11-19T12:03:00,548
2024/s285,nomination,"On the Nomination PN1244: Mustafa Taher Kasubhai, of Oregon, to be United States District Judge for the District of Oregon",2024-11-19T14:17:00,549
2024/s286,cloture,"Motion to Invoke Cloture: Sarah French Russell to be U.S. District Judge for the District of Connecticut: Sarah French Russell, of Connecticut, to be United States District Judge for the District of Connecticut",2024-11-19T15:15:00,550
2024/s287,nomination,"On the Nomination PN1253: Sarah French Russell, of Connecticut, to be United States District Judge for the District of Connecticut",2024-11-19T17:26:00,551
2024/s288,cloture,"Motion to Invoke Cloture: Rebecca L. Pennell to be U.S. District Judge for the Eastern District of Washington: Rebecca L. Pennell, of Washington, to be United States District Judge for the Eastern District of Washington",2024-11-19T18:24:00,552
2024/s289,nomination,"On the Nomination PN1573: Rebecca L. Pennell, of Washington, to be United States District Judge for the Eastern District of Washington",2024-11-20T10:57:00,553
2024/s290,cloture,"Motion to Invoke Cloture: Amir H. Ali to be U.S. District Judge for the District of Columbia: Amir H. Ali, of the District of Columbia, to be United States District Judge for the District of Columbia",2024-11-20T12:03:00,554
2024/s291,nomination,"On the Nomination PN1402: Amir H. Ali, of the District of Columbia, to be United States District Judge for the District of Columbia",2024-11-20T14:50:00,555
2024/s296,cloture,"Motion to Invoke Cloture: Sparkle L. Sooknanan to be U.S. District Judge for the District of Columbia: Sparkle L. Sooknanan, of the District of Columbia, to be United States District Judge for the District of Columbia",2024-11-20T22:25:00,556
2024/s297,cloture,"Motion to Invoke Cloture: Brian Edward Murphy to be U.S. District Judge for the District of Massachusetts: Brian Edward Murphy, of Massachusetts, to be United States District Judge for the District of Massachusetts",2024-11-20T23:24:00,557
2024/s298,cloture,"Motion to Invoke Cloture: Anne Hwang to be U.S. District Judge for the Central District of California: Anne Hwang, of California, to be United States District Judge for the Central District of California",2024-11-20T23:46:00,558
2024/s299,cloture,"Motion to Invoke Cloture: Cynthia Valenzuela Dixon to be U.S. District Judge for the Central District of California: Cynthia Valenzuela Dixon, of California, to be United States District Judge for the Central District of California",2024-11-20T23:57:00,559
2024/s300,cloture,"Motion to Invoke Cloture: Catherine Henry to be U.S. District Judge for the Eastern District of Pennsylvania.: Catherine Henry, of Pennsylvania, to be United States District Judge for the Eastern District of Pennsylvania",2024-11-21T00:08:00,560
2024/s301,cloture,"Motion to Invoke Cloture: Noel Wise to be U.S. District Judge for the Northern District of California: Noel Wise, of California, to be United States District Judge for the Northern District of California",2024-11-21T11:02:00,561
2024/s302,cloture,"Motion to Invoke Cloture: Gail A. Weilheimer to be U.S. District Judge for the Eastern District of Pennsylvania: Gail A. Weilheimer, of Pennsylvania, to be United States District Judge for the Eastern District of Pennsylvania",2024-11-21T12:05:00,562
2024/s303,nomination,"On the Nomination PN2041: Sharad Harshad Desai, of Arizona, to be United States District Judge for the District of Arizona",2024-11-21T13:41:00,563
2024/s304,nomination,"On the Nomination PN1651: Anne Hwang, of California, to be United States District Judge for the Central District of California",2024-12-02T17:29:00,564
2024/s305,nomination,"On the Nomination PN1577: Brian Edward Murphy, of Massachusetts, to be United States District Judge for the District of Massachusetts",2024-12-02T18:34:00,565
2024/s306,nomination,"On the Nomination PN1463: Sparkle L. Sooknanan, of the District of Columbia, to be United States District Judge for the District of Columbia",2024-12-03T14:16:00,566
2024/s307,nomination,"On the Nomination PN1806: Catherine Henry, of Pennsylvania, to be United States District Judge for the Eastern District of Pennsylvania",2024-12-03T15:14:00,567
2024/s308,nomination,"On the Nomination PN1905: Gail A. Weilheimer, of Pennsylvania, to be United States District Judge for the Eastern District of Pennsylvania",2024-12-03T17:25:00,568
2024/s309,cloture,"Motion to Invoke Cloture: Anthony J. Brindisi to be U.S. District Judge for the Northern District of New York: Anthony J. Brindisi, of New York, to be United States District Judge for the Northern District of New York",2024-12-04T11:46:00,569
2024/s310,nomination,"On the Nomination PN2015: Anthony J. Brindisi, of New York, to be United States District Judge for the Northern District of New York",2024-12-04T14:33:00,570
2024/s311,cloture,"Motion to Invoke Cloture: Elizabeth C. Coombe to be U.S. District Judge for the Northern District of New York: Elizabeth C. Coombe, of New York, to be United States District Judge for the Northern District of New York",2024-12-04T15:23:00,571
2024/s312,nomination,"On the Nomination PN2039: Elizabeth C. Coombe, of New York, to be United States District Judge for the Northern District of New York",2024-12-04T17:36:00,572
2024/s313,cloture,"Motion to Invoke Cloture: Sarah Morgan Davenport to be U.S. District Judge for the District of New Mexico: Sarah Morgan Davenport, of New Mexico, to be United States District Judge for the District of New Mexico",2024-12-04T18:47:00,573
2024/s314,nomination,"On the Nomination PN2040: Sarah Morgan Davenport, of New Mexico, to be United States District Judge for the District of New Mexico",2024-12-05T11:26:00,574
2024/s315,cloture,"Motion to Invoke Cloture: Tiffany Rene Johnson to be U.S. District Judge for the Northern District of Georgia: Tiffany Rene Johnson, of Georgia, to be United States District Judge for the Northern District of Georgia",2024-12-05T12:30:00,575
2024/s316,cloture,"Motion to Invoke Cloture: Keli Marie Neary to be U.S. District Judge for the Middle District of Pennsylvania: Keli Marie Neary, of Pennsylvania, to be United States District Judge for the Middle District of Pennsylvania",2024-12-05T13:47:00,576
2024/s317,nomination,"On the Nomination PN2016: Tiffany Rene Johnson, of Georgia, to be United States District Judge for the Northern District of Georgia",2024-12-09T17:22:00,577
2024/s318,nomination,"On the Nomination PN2017: Keli Marie Neary, of Pennsylvania, to be United States District Judge for the Middle District of Pennsylvania",2024-12-10T11:30:00,578
2024/s319,nomination,"On the Nomination PN1650: Cynthia Valenzuela Dixon, of California, to be United States District Judge for the Central District of California",2024-12-10T15:37:00,579
2024/s320,cloture,"Motion to Invoke Cloture: Lauren McGarity McFerran to be a Member of the National Labor Relations Board: Lauren McGarity McFerran, of the District of Columbia, to be a Member of the National Labor Relations Board for the term of five years expiring December 16, 2029",2024-12-11T12:10:00,580
2024/s321,nomination,"On the Nomination PN1827: Noel Wise, of California, to be United States District Judge for the Northern District of California",2024-12-11T17:20:00,581
2024/s322,cloture,"Motion to Invoke Cloture: Matthew James Marzano to be a Member of the Nuclear Regulatory Commission: Matthew James Marzano, of Illinois, to be a Member of the Nuclear Regulatory Commission for the term of five years expiring June 30, 2028",2024-12-12T11:27:00,582
2024/s323,nomination,"On the Nomination PN1980: Matthew James Marzano, of Illinois, to be a Member of the Nuclear Regulatory Commission for the term of five years expiring June 30, 2028",2024-12-12T13:51:00,583
2024/s324,cloture,Motion to Invoke Cloture: Motion to Concur in the House Amendment to the Senate Amendment to H.R. 5009,2024-12-16T17:23:00,584
2024/s325,passage,"H.R. 5009 (118th): To authorize appropriations for fiscal year 2025 for military activities of the Department of Defense, for military construction, and for defense activities of the Department of Energy, to prescribe military personnel strengths for suc",2024-12-18T12:06:00,585
2024/s326,cloture,Motion to Invoke Cloture: Motion to Proceed to H.R. 82,2024-12-18T14:07:00,586
2024/s327,passage,S. 4367 (118th): Thomas R. Carper Water Resources Development Act of 2024,2024-12-18T18:40:00,587
2024/s329,cloture,"Motion to Invoke Cloture: Benjamin J. Cheeks to be U.S. District Judge for the Southern District of California: Benjamin J. Cheeks, of California, to be United States District Judge for the Southern District of California",2024-12-20T11:12:00,588
2024/s330,nomination,"On the Nomination PN2244: Benjamin J. Cheeks, of California, to be United States District Judge for the Southern District of California",2024-12-20T14:15:00,589
2024/s331,cloture,"Motion to Invoke Cloture: Serena Raquel Murillo to be U.S. District Judge for the Central District of California: Serena Raquel Murillo, of California, to be United States District Judge for the Central District of California",2024-12-20T15:28:00,590
2024/s332,nomination,"On the Nomination PN2245: Serena Raquel Murillo, of California, to be United States District Judge for the Central District of California",2024-12-20T18:10:00,591
2024/s333,amendment,S.Amdt. 3346 (Paul) to H.R. 82: To adjust the normal and early retirement ages for Social Security benefits and increase the maximum age for delayed retirement credits.,2024-12-20T22:27:00,592
2024/s334,amendment,S.Amdt. 3352 (Paul) to H.R. 82: To provide for automatic continuing resolutions.,2024-12-20T23:13:00,593
2024/s335,amendment,S.Amdt. 3360 (Cruz) to H.R. 82: In the nature of a substitute.,2024-12-20T23:28:00,594
2024/s336,amendment,S.Amdt. 3331 (Crapo) to H.R. 82: To delay the repeal of the Government pension offset and windfall elimination provisions until additional changes are made to offset any negative impacts on the actuarial balance of the Social Security Trust Funds.,2024-12-20T23:39:00,595
2024/s338,passage,H.R. 82 (118th): Social Security Fairness Act of 2023,2024-12-21T00:04:00,596
2024/s339,passage,"H.R. 10545 (118th): American Relief Act, 2025",2024-12-21T00:23:00,597
